ply
format ascii 1.0
element vertex 4657
property float x
property float y
property float z
end_header
31.7326 -13.8468 -8.0220
30.1713 -10.6664 -3.7867
32.1297 -13.6703 -7.5768
32.6983 -14.3560 -9.3014
31.5215 -14.5928 -8.2189
34.3581 -7.5641 -5.8975
31.5439 -14.8602 -8.5017
29.9297 -10.1144 -4.3404
30.4668 -5.9806 -7.9764
29.3742 -13.3104 -5.6530
33.7488 -12.7364 -8.0730
34.6103 -12.5124 -8.4623
25.1684 -7.7124 -2.4998
25.8532 -5.2738 -7.7290
25.6594 -7.5368 -0.1635
20.3885 -11.1293 9.8363
30.9121 -5.9221 -7.6349
27.5919 -9.2685 -3.6947
32.7534 -8.7104 -6.8225
29.0403 -5.9458 -5.7694
25.8205 -2.8797 14.1633
32.0743 -9.8411 -5.8565
25.1510 0.4552 19.1134
38.7810 17.9708 19.8282
26.1837 -8.2182 -3.3822
27.7373 -6.8761 -7.5903
30.2248 -5.6654 -5.0357
30.0212 -9.2143 -7.8432
26.0282 -10.5953 4.8541
25.5326 -14.4306 3.3454
23.5544 -4.3505 -5.9384
22.1101 -8.7879 10.3356
31.2606 -17.4209 -2.7282
28.5612 -14.1730 -6.1417
23.5084 -4.8927 -6.2009
31.3595 -7.0624 -7.3135
24.4234 -0.9170 -6.6477
23.5069 -4.6211 -6.0145
30.4532 -9.9871 -4.8769
25.9079 -9.2414 -7.9258
27.7164 -7.5870 -3.8599
25.4048 -8.1417 -8.7816
33.1184 -5.7865 -8.5945
22.5926 -15.4870 4.9617
32.2759 -13.8605 -7.9350
33.4549 -12.4922 -8.4070
27.1506 -16.1607 0.8414
26.8267 -15.9391 1.1223
28.2409 -6.4899 -5.4187
26.4980 -4.8828 -0.3426
31.0277 -14.1859 -6.8019
26.5342 -15.6481 1.7670
20.8625 -15.8216 6.7409
29.4680 -14.0219 -5.9869
23.4942 -12.8362 9.3581
29.0786 -9.6841 -6.9691
11.7118 12.5585 5.4697
33.5704 -6.2930 -7.6133
28.3608 -6.4125 -3.9023
32.6915 -13.6020 -7.8044
27.6847 -8.0713 -8.6924
31.1714 -6.1344 -8.1817
37.5384 20.7926 23.6656
24.5357 -13.0070 6.0132
23.7293 0.2536 -3.7726
29.0407 -5.8811 -4.7044
28.6461 -14.1167 -6.0876
22.9542 -15.6613 4.4249
22.4075 -15.8257 4.9142
33.0127 -6.7060 -7.9552
20.1892 -0.1934 5.1026
26.1016 -7.4095 -3.0082
29.0948 35.8150 48.2063
21.1763 -2.1382 1.3738
29.6023 -13.0961 -6.4184
28.6277 -13.9628 -11.4144
32.0675 -9.5726 -5.7121
27.1029 -7.5636 -8.5222
27.9479 -18.4452 -5.4032
27.9464 -13.1460 -6.9909
31.2613 -14.0194 -7.2159
31.1541 -15.3284 -11.4836
20.0311 -1.2190 0.8240
7.8179 18.1453 11.0328
17.9249 -9.4295 14.3016
18.5387 -10.4595 12.8112
30.3419 -8.1265 -6.2999
32.1664 -6.5734 -7.7573
22.2625 -3.7546 -3.3791
30.8063 -8.6762 -2.3990
31.5157 -6.8896 -7.2436
30.5661 -10.6374 -5.5320
31.5299 -6.3728 -7.1620
33.5278 -13.9436 -9.4026
33.5705 -14.2529 -9.6769
34.4804 -12.5174 -8.4174
32.8661 -14.2911 -8.9739
33.7748 -13.6396 -9.6475
34.5426 -12.4041 -9.3679
31.9986 -13.5374 -7.9615
33.0009 -14.8561 -9.0751
31.9663 -14.2589 -8.0434
32.2268 -14.0521 -8.3264
32.1612 -13.8819 -8.1813
31.9112 -11.4715 -6.5338
31.4350 -14.1210 -7.2374
33.5270 -12.5760 -8.8592
32.3790 -13.1564 -8.1571
32.4108 -13.2598 -8.2173
31.9543 -11.6006 -6.7015
34.4287 -9.2960 -7.2363
31.7542 -9.0836 -4.7850
31.7279 -14.4034 -8.0621
33.4162 -10.5429 -7.2342
31.4154 -14.4736 -8.0884
31.8086 -14.0367 -7.9642
32.2416 -16.9780 -2.7994
34.9081 -8.6780 -7.0813
33.4999 -7.4722 -6.5544
31.2014 -17.3020 -2.4947
30.5456 -10.2849 -5.2335
32.9021 -13.0293 -8.5712
24.7063 -10.8040 5.8923
32.1496 -13.5412 -7.9279
33.0589 -7.9553 -6.7548
34.7929 -12.4688 -9.5943
33.1516 -7.7684 -7.0593
28.3241 -8.3917 -4.8540
30.8081 -10.3605 -5.3216
30.5876 -11.0396 -5.5639
31.2881 -5.2986 -7.8860
22.1802 -10.0999 8.8043
32.1167 -13.7620 -8.0470
32.6687 -13.3911 -7.8942
24.9540 -14.1720 4.5794
24.6487 -5.6516 -5.0517
33.6919 -6.1514 -7.7839
34.1736 -7.0623 -7.4434
26.8934 -7.1441 -5.9193
33.6263 -12.9021 -8.4808
33.5784 -13.0688 -8.4731
20.8606 -11.7871 8.7061
33.4042 -10.6653 -7.2970
33.4773 -13.0716 -8.9630
28.4132 -8.6137 -5.0894
28.3844 -7.4467 -4.6720
30.5984 -11.0560 -5.5827
33.2940 -13.3296 -8.0564
25.0049 -3.2403 -8.1920
31.1753 -7.1414 -8.3847
29.8419 -3.5821 -9.3288
31.4625 -13.6714 -7.9115
29.8144 -8.0618 -5.7017
34.7217 -12.5099 -9.3837
32.7683 -8.7995 -6.9315
33.0574 -8.0212 -6.8163
32.6380 -6.0086 -7.9512
33.6712 -6.3181 -7.8637
31.6394 -7.1170 -7.6534
32.0544 -7.8073 -7.4701
31.3302 -13.8058 -7.2916
25.7210 -2.5688 14.8442
28.5209 -16.8361 -0.2242
28.0222 -9.1922 -6.4491
25.3002 -4.0348 -7.0939
30.3683 -5.3976 -7.5611
33.7795 -13.1808 -8.4994
24.3516 -7.8006 9.6165
23.7207 -12.6919 -0.8075
31.4165 -13.4939 -7.7294
27.4973 -7.7047 -6.1407
24.4312 -5.9592 -0.9747
34.5165 -9.0244 -6.8463
31.8310 -8.1793 -8.3040
35.7287 -12.1536 -8.9927
39.4851 8.7392 11.8582
31.6855 -13.9836 -7.6339
26.5991 -15.7113 1.5346
24.3429 -13.7117 5.8975
24.8836 -3.3171 -7.5767
26.4500 -8.7201 -3.8360
31.2543 -12.9145 -7.1777
27.2011 -7.0200 -7.4510
27.5244 -8.0857 -8.0249
22.1880 5.2765 27.0764
23.5207 -12.4540 -0.4161
26.2566 -5.7853 -7.3290
29.6087 -11.9404 -5.7044
20.9146 -1.4770 1.9307
32.3577 -1.7852 -5.8215
21.9089 -16.0837 5.2517
29.8610 -12.5366 -11.2455
33.6487 -12.1764 -8.4046
32.6396 -7.9304 -6.2991
25.5753 -7.6921 -2.7540
37.7158 5.1460 9.2442
22.0935 -2.8835 -4.7417
27.0017 -16.0427 1.2751
27.9681 -7.5838 -4.7792
19.0468 -7.9153 13.8291
25.0440 -14.5445 4.0728
29.6904 -11.8409 -5.5587
25.1302 -14.5949 3.8772
23.9876 -6.7386 -7.7429
29.2571 -10.6194 -4.8545
29.3087 -9.8473 -6.6851
27.5831 -6.4627 -4.3300
32.8742 -2.2228 5.6191
22.4667 -15.4998 5.0388
24.7544 -13.6851 -2.3051
31.6471 -17.7955 -3.9755
30.6955 -13.5140 -6.6102
34.5342 -7.4791 -6.5037
30.2140 -13.5792 -6.8274
32.3977 -6.0053 -7.8985
31.0403 -8.6988 -5.5155
33.4425 -12.5043 -8.3947
27.8211 -14.0161 -5.1661
27.7818 -8.7676 -8.4331
26.4175 -4.3974 -7.7392
24.1820 0.6168 3.8191
35.0854 -12.2494 -8.8817
31.7776 -13.7282 -7.4468
32.8600 -12.4538 -8.0878
33.6584 -7.2370 -7.4127
33.2095 -8.3548 -7.2511
30.4668 -5.9806 -7.9764
30.9121 -5.9221 -7.6349
32.7534 -8.7104 -6.8225
30.2606 -9.2856 -7.5643
33.7643 -17.6980 -16.7042
33.6020 -11.4149 -11.2363
36.0448 -3.4471 -8.2399
31.0857 32.9168 0.9427
32.5262 -3.6464 -6.7811
32.3625 -2.8926 -13.1856
38.8689 9.8532 13.3292
31.2724 -5.5033 -10.1473
32.6160 -8.4525 -7.2473
32.1483 -6.3263 -7.1219
29.3842 -4.5200 -4.1940
34.2151 -11.5386 -11.9294
29.8412 -6.7382 -5.8692
33.9972 -11.3692 -14.5925
31.3595 -7.0624 -7.3135
33.8345 -20.3764 -16.0707
33.0924 -8.4071 -9.0840
35.0576 -13.6666 -11.0183
38.5448 -9.2351 -10.1275
36.8714 -9.1453 -8.1396
39.0770 -7.5422 -9.0385
34.1238 -18.5021 -14.5168
33.5402 -14.3097 -13.3620
32.8412 -10.2263 -9.5902
32.5044 27.9943 -1.5795
23.8129 12.7454 10.6835
33.5648 -8.3578 -7.9667
30.2714 -8.5630 -14.1223
33.5636 -11.1456 -11.0803
28.6502 -2.1282 -12.6386
35.3889 -14.2801 -10.5866
33.2991 -0.0211 -10.4903
33.3681 -12.0887 -15.2083
33.0885 -2.5049 -12.1807
29.0270 -8.3332 -7.0257
27.7772 12.3139 1.7705
37.2248 -8.5196 -8.9923
30.9160 -10.5294 -4.7477
34.8901 -3.2139 -9.3895
32.9300 -10.6534 -15.5501
32.3207 -8.4447 -7.1639
34.6879 -9.5491 -11.7294
34.8965 -15.9222 -12.7307
27.9416 0.0365 -11.0525
27.9717 -2.2081 -0.1692
34.9791 -15.1044 -12.0321
33.7896 -20.1161 -15.7780
33.9257 -19.5871 -17.6010
33.9383 -17.2592 -16.5732
33.9494 -19.8376 -17.6681
30.3714 -8.6446 -3.5681
32.6521 -10.1174 -9.7845
33.9289 -19.6199 -17.6098
34.0168 -20.5119 -17.8517
30.9499 -10.5008 -15.1582
33.8297 -14.8426 -16.0981
33.8813 -19.6321 -17.6216
33.8708 -15.9637 -16.3221
28.3498 -7.6084 -5.2834
33.8655 -15.8556 -16.2855
31.7935 -1.8637 -5.5711
32.6327 -6.6966 -9.6673
33.6793 -18.0460 -17.2746
33.4360 -10.4771 -8.0176
31.7368 2.2274 -11.3784
29.0762 -3.6933 -2.8465
33.3967 -11.8055 -11.3547
34.2644 -20.0868 -17.3269
31.5264 -11.3013 -14.7129
33.1184 -5.7865 -8.5945
33.5719 -15.5040 -16.4756
33.0024 -11.4088 -15.5993
33.8923 -19.4758 -15.2379
34.1286 -6.9962 -10.0795
27.3242 1.0224 -5.1579
34.0765 -3.8880 -7.5929
32.2325 -5.7792 -7.4522
30.8824 -6.4943 -8.3778
34.1076 -18.4193 -14.4202
32.6885 -7.7440 -8.7935
33.6185 -6.5683 -9.3713
30.4429 -9.6411 -8.1806
33.6102 -6.6290 -9.3978
36.1961 -9.5749 -8.5327
33.6671 -18.8543 -14.3987
30.2317 -10.9460 -9.9975
26.6861 -6.2635 -9.8870
31.3954 -6.3902 -8.5305
34.1368 -13.3170 -14.8127
29.9547 -6.4059 -9.0926
33.3250 -8.4850 -10.1532
29.0786 -9.6841 -6.9691
34.5178 -16.2999 -12.7904
28.7838 -7.4657 -4.3797
31.7994 -6.6988 -13.7483
33.9468 -15.8720 -11.8481
33.0576 -0.2788 -3.9236
37.2608 -6.6559 -7.4204
32.3927 -6.1535 -6.8822
31.1714 -6.1344 -8.1817
33.1632 -8.0297 -7.0385
150.2344 269.9178 144.1431
28.7367 -2.6021 -12.7960
34.3788 -19.8621 -16.0994
35.8857 -10.1043 -8.7046
34.4609 -18.8394 -15.1601
29.0407 -5.8811 -4.7044
33.2036 -10.1560 -14.6405
46.9288 0.2321 -1.4972
33.9838 -13.8778 -15.2637
31.0934 -5.9309 -6.4060
29.3824 -9.1222 -6.2408
29.7090 -10.8315 -6.7781
38.5937 -10.5840 -10.1217
29.6971 3.1008 -13.3922
35.4977 -10.4617 -9.4424
31.2921 -2.1737 -6.9520
32.7011 -18.1815 -15.6623
34.5023 -15.6660 -10.9883
34.0960 -21.0719 -17.6468
33.6083 -15.4922 -9.9034
34.4805 -15.6087 -10.9859
34.0982 -21.0807 -17.6510
34.2126 -14.9021 -9.8291
33.6626 -20.0835 -17.2805
32.8565 -11.7553 -7.5587
33.2555 -11.7787 -7.6247
33.2214 -11.6661 -7.5449
34.3241 -11.4140 -8.1828
32.7203 -15.5415 -9.9155
33.6455 -15.6289 -10.1090
33.4932 -14.8654 -9.1728
32.3746 -14.8876 -8.2621
32.3025 -14.7157 -8.1395
35.9094 -14.1473 -10.8440
34.1438 -14.4103 -9.1951
35.9552 -14.0815 -10.7795
33.6962 -19.9356 -17.4037
35.0766 -15.4795 -11.4661
34.1844 -14.3080 -9.0731
34.1462 -14.2975 -9.0322
32.3693 -14.2048 -8.0811
35.5423 -13.4352 -10.7576
35.9250 -13.6590 -10.3492
33.4852 -13.7397 -8.5772
33.5432 -13.7703 -8.4728
34.0131 -13.6540 -8.8757
32.5327 -13.5615 -8.3603
32.8891 -13.4303 -8.6019
34.5048 -13.3569 -9.0571
34.6518 -13.0917 -9.7336
36.2602 -13.2367 -10.1966
34.4212 -13.3678 -8.9606
35.7788 -12.8827 -10.6498
32.9933 -12.4680 -8.3123
32.4562 -12.5129 -7.7827
35.8699 -12.2466 -9.6110
36.8515 -12.2828 -9.8903
35.7080 -12.2822 -9.1748
32.5691 -12.3777 -7.6547
32.3269 -12.2684 -7.6394
37.0636 -12.1539 -9.8940
36.1611 -12.2210 -9.3408
33.1051 -12.1336 -8.2049
35.8254 -12.1492 -9.1243
30.2620 -9.1966 -13.2892
32.5782 -11.1607 -9.4498
37.0809 -11.7271 -9.8737
29.2889 -9.9983 -10.6934
31.2945 -9.6605 -12.2833
30.7299 -9.5511 -12.1318
36.1141 -11.4044 -9.7876
31.8782 -13.3692 -7.8386
35.7322 -13.1591 -9.7538
35.7563 -12.7985 -10.5339
32.3112 -13.1108 -8.2629
32.2188 -13.1056 -8.0946
36.9719 -12.8726 -10.6553
36.7128 -12.8668 -10.3409
31.7406 -13.0666 -7.6333
36.4295 -12.7562 -10.1937
36.7540 -12.6700 -10.2673
31.9836 -12.8803 -7.8509
32.4576 -12.8475 -7.8663
37.2201 -12.5228 -10.5354
33.3636 -12.5816 -8.7888
31.8776 -12.7202 -7.6229
32.3499 -12.7071 -7.6908
32.2495 -12.6613 -7.6533
34.2758 -14.9954 -9.9850
30.5534 -10.0124 -8.3370
29.2168 -8.8511 -6.9057
29.8731 -10.7693 -7.9494
30.4791 -10.3376 -8.5854
29.2991 -8.0318 -8.6187
32.2767 -8.7816 -8.9099
29.4768 -9.9380 -7.8917
32.4795 -12.2370 -7.9252
30.5982 -9.8457 -8.1191
33.7152 -4.8814 -8.1725
22.1460 3.5286 -2.7249
31.1340 -5.2369 -8.3318
32.3882 -6.7848 -6.9875
32.8426 -5.1605 -6.8038
32.3022 -7.2688 -7.2439
32.6030 -11.7275 -9.8958
31.3054 -3.1029 -3.0513
31.2881 -5.2986 -7.8860
32.5107 -7.5502 -7.1940
30.2797 -6.8589 -7.0537
31.3985 -4.9912 -8.9942
31.1753 -7.1414 -8.3847
29.8419 -3.5821 -9.3288
29.9547 -7.8955 -6.3395
32.3577 -1.7852 -5.8215
33.0484 -7.4751 -8.3183
36.0133 -11.3557 -8.3041
32.3324 -6.4358 -5.2742
32.5458 -3.3197 -5.4109
28.8752 -6.9148 -3.1881
29.6083 -5.1936 -8.4398
29.1117 -5.1330 -3.9071
28.2252 -3.0648 -3.5671
29.3257 -4.6442 -4.2349
35.8538 -12.7796 -10.4052
34.5653 -14.3480 -10.9799
32.4873 -13.5493 -8.4531
31.5466 -12.5087 -6.9677
32.4542 -14.1133 -9.2374
36.1554 -12.2922 -9.3208
29.9832 -10.7846 -9.1960
27.0745 -7.9646 -11.7590
35.3950 -13.0381 -10.5115
30.8445 -10.1218 -6.1229
31.4554 -9.7247 -10.3114
38.7361 -10.2188 -9.8933
30.0085 -10.6366 -6.7560
33.5379 -15.3520 -9.8008
30.3143 -4.9863 -4.7318
33.5876 -6.3813 -6.2322
31.7776 -13.7282 -7.4468
30.8727 -7.1343 -6.4119
33.1959 -14.1299 -9.6008
36.1496 -13.7312 -10.6807
29.4825 -10.0902 -6.1594
28.8855 -7.7416 -4.6882
31.2665 -12.5947 -6.7618
33.7298 -11.4052 -7.7985
33.8035 -13.8070 -8.4952
34.0245 -13.7036 -8.6708
34.0394 -13.6931 -8.4790
31.6005 -10.8742 -5.0342
33.1832 -14.3459 -11.8389
35.8846 -12.0708 -8.8053
32.7114 -10.6678 -10.2180
36.9986 -11.5527 -9.6290
37.0111 -11.4112 -9.7426
36.7127 -11.5582 -9.1735
30.2527 -10.2723 -6.1276
31.2456 -10.8027 -8.4520
29.4562 -9.3367 -10.9047
28.7071 -7.4144 -9.7983
30.5046 -10.9789 -6.8657
30.4382 -11.1389 -6.4880
36.9947 -11.2018 -8.9232
34.3221 -11.0804 -7.8609
29.6671 -9.7681 -8.8280
29.0691 -8.6851 -7.1235
33.3972 -11.7280 -11.2533
30.9413 -10.4909 -6.5107
31.8198 -15.7255 -14.4942
32.9666 -5.0722 -1.2546
31.4374 -4.7501 -4.1572
27.2986 -5.4447 -10.7239
35.5289 -14.4895 -11.1798
31.2528 -12.8214 -7.1650
31.9854 -13.0149 -7.9525
31.5833 -8.9539 -10.1990
36.5377 -8.7666 -8.1508
27.5074 -5.4201 -8.2695
30.4668 -5.9806 -7.9764
30.9121 -5.9221 -7.6349
32.7534 -8.7104 -6.8225
31.1454 -7.0456 -10.7299
29.0403 -5.9458 -5.7694
32.3625 -2.8926 -13.1856
34.2860 4.1399 -8.4868
29.2194 5.9451 -5.9373
28.4434 -7.5706 -11.9723
35.4963 -1.3403 -7.5757
34.0036 -14.6862 -11.1386
34.1981 -14.1885 -10.8870
29.8412 -6.7382 -5.8692
33.9972 -11.3692 -14.5925
27.4437 -7.3908 -10.5515
34.0009 -20.2575 -16.1242
38.5448 -9.2351 -10.1275
33.5757 -18.0923 -13.6323
36.8714 -9.1453 -8.1396
39.0770 -7.5422 -9.0385
34.1238 -18.5021 -14.5168
35.2162 -8.3701 -9.2778
33.5402 -14.3097 -13.3620
34.5474 -13.5080 -11.6203
32.6239 -8.6243 -8.3689
32.8412 -10.2263 -9.5902
30.6524 -14.1814 -13.9855
33.5221 -16.1274 -16.2820
32.5044 27.9943 -1.5795
23.8129 12.7454 10.6835
25.4562 -4.4088 -7.4618
31.5793 -3.7138 -7.4982
31.2867 -6.7841 -6.8259
34.8167 -7.7422 -7.4150
31.3962 -7.3982 -7.2943
33.9912 -15.5636 -15.8446
35.4066 -4.8227 -6.9800
30.2714 -8.5630 -14.1223
34.2991 -6.4558 -12.4951
34.0965 -11.0633 -13.9243
34.8665 -12.1761 -13.9571
35.8345 -9.3207 -11.8697
28.6502 -2.1282 -12.6386
31.1973 -0.8747 -12.0026
25.8518 -4.2111 -10.1597
36.9877 -1.5036 -7.1066
39.9190 -4.7690 -4.7222
38.8229 31.9276 7.6373
33.5138 -5.8136 -12.5397
33.2991 -0.0211 -10.4903
34.4917 -13.8627 -9.1711
36.0644 4.9797 -5.0257
42.5349 -0.0461 -6.2834
37.2248 -8.5196 -8.9923
30.9160 -10.5294 -4.7477
44.0027 -4.9989 -6.2192
32.9300 -10.6534 -15.5501
38.7232 -9.0262 -8.1092
35.4415 -7.2668 -8.7676
39.6953 -6.1826 -8.3039
35.0231 -0.2449 -4.9954
34.6879 -9.5491 -11.7294
33.5670 -9.8140 -10.1133
33.1672 -9.7874 -14.0956
28.4799 -7.3551 -11.5890
35.1244 -12.1960 -11.8576
27.4221 25.8647 -6.8485
31.5264 -11.3013 -14.7129
41.4088 -0.6575 -5.1116
40.6147 -2.7364 -6.2048
29.6666 -6.5393 -12.9070
37.7707 9.1393 5.2954
28.2409 -6.4899 -5.4187
34.0765 -3.8880 -7.5929
30.8824 -6.4943 -8.3778
32.6885 -7.7440 -8.7935
33.6185 -6.5683 -9.3713
30.4429 -9.6411 -8.1806
33.6102 -6.6290 -9.3978
36.1961 -9.5749 -8.5327
33.6671 -18.8543 -14.3987
30.2317 -10.9460 -9.9975
33.0219 -11.9296 -15.5670
32.9879 -11.8636 -15.5330
34.1368 -13.3170 -14.8127
32.5435 -12.0996 -8.1153
29.9547 -6.4059 -9.0926
34.9275 -8.4108 -12.4465
33.3250 -8.4850 -10.1532
33.2989 -7.8368 -13.4461
30.0784 -8.0181 -10.4478
32.0035 -6.4133 -13.6706
29.2526 -9.6373 -12.4312
28.4009 -10.3859 -11.2431
35.7552 -7.2160 -10.1752
30.0952 -10.2533 -11.4365
34.6618 -4.3495 -4.0162
28.8112 -9.0236 -7.1423
34.5178 -16.2999 -12.7904
31.4984 -11.0792 -14.6187
31.2024 -4.8034 -10.7168
33.9468 -15.8720 -11.8481
30.9910 -7.7677 -6.8489
23.7293 0.2536 -3.7726
46.0735 5.3647 -2.1803
28.7948 -8.9175 -5.8427
47.0317 0.1288 -1.4796
46.9288 0.2321 -1.4972
33.9838 -13.8778 -15.2637
32.5253 -8.8112 -10.1422
29.8817 -7.7854 -7.7042
31.3098 -5.4663 -10.9667
35.9983 -6.5732 -7.0044
34.2601 -6.8060 -12.1336
35.3333 -14.6750 -10.9816
30.9002 -8.3828 -7.1610
35.0412 -14.3593 -10.6010
36.5429 11.9319 -1.4647
31.2921 -2.1737 -6.9520
29.9376 -8.1827 -7.3611
31.6551 -7.4279 -7.6205
33.2688 -5.5177 -12.5478
35.9094 -14.1473 -10.8440
30.5534 -10.0124 -8.3370
31.0626 -11.7657 -8.9807
30.2689 -10.2877 -6.3766
30.0234 -11.6417 -10.7687
32.4683 -11.3882 -7.4284
29.2168 -8.8511 -6.9057
29.9653 -9.6533 -8.4422
30.5049 -9.5967 -7.3788
29.8731 -10.7693 -7.9494
30.4791 -10.3376 -8.5854
29.2991 -8.0318 -8.6187
25.5719 -1.0367 -8.6411
30.8651 -7.9876 -6.8680
32.2767 -8.7816 -8.9099
30.3923 -7.3401 -9.5449
29.1260 -8.9634 -11.1523
30.0367 -6.0294 -8.7735
32.5932 -10.9392 -10.9883
31.1409 -11.5482 -8.4390
29.2073 -8.3677 -10.4398
29.4768 -9.9380 -7.8917
30.4838 -12.0091 -8.0382
32.4795 -12.2370 -7.9252
30.5982 -9.8457 -8.1191
33.8097 -14.6162 -9.5126
34.1060 -8.4640 -10.2020
31.5157 -6.8896 -7.2436
34.3226 0.0217 -2.3749
31.1340 -5.2369 -8.3318
31.5299 -6.3728 -7.1620
32.9298 -6.4688 -8.1185
32.3882 -6.7848 -6.9875
29.3495 -0.7488 5.3151
31.3054 -3.1029 -3.0513
28.3844 -7.4467 -4.6720
29.8419 -3.5821 -9.3288
29.9547 -7.8955 -6.3395
32.7683 -8.7995 -6.9315
33.0574 -8.0212 -6.8163
30.3683 -5.3976 -7.5611
32.0155 -9.5179 -5.5476
33.0484 -7.4751 -8.3183
33.7728 -5.6247 -8.5696
32.3977 -6.0053 -7.8985
33.1084 -5.4407 -8.4143
33.5508 -8.0688 -6.9587
36.1219 -10.5589 -7.8318
32.7144 -6.7980 -5.7326
32.5458 -3.3197 -5.4109
27.9258 -4.2806 -0.6388
31.3666 -4.0297 -0.6445
29.7866 -3.0503 -11.4452
29.1117 -5.1330 -3.9071
32.9035 -1.4312 -2.1148
27.5487 -3.8095 -7.8394
29.3257 -4.6442 -4.2349
28.8229 -4.9199 -5.0519
33.1707 -11.8124 -7.6336
32.4873 -13.5493 -8.4531
31.5466 -12.5087 -6.9677
32.4542 -14.1133 -9.2374
29.1892 -9.5161 -6.6425
28.8300 1.7730 -3.1015
32.6898 -17.3883 -11.7909
32.3842 -7.8932 -7.7011
33.1033 -6.8703 -6.0428
36.0236 -14.5259 -11.4489
33.1959 -14.1299 -9.6008
29.4825 -10.0902 -6.1594
31.2665 -12.5947 -6.7618
35.9493 -12.5010 -9.8784
33.7298 -11.4052 -7.7985
36.2030 -14.3206 -12.5545
28.8190 -7.3319 -6.7943
29.2966 -8.5188 -10.4859
33.2171 -16.7073 -14.1010
44.1768 2.9856 -4.1019
32.9666 -5.0722 -1.2546
32.6863 -9.1061 -8.7253
31.4374 -4.7501 -4.1572
30.2771 -6.3596 -6.9187
27.2986 -5.4447 -10.7239
33.3686 -14.7821 -9.3388
36.4071 -13.1295 -10.3513
34.5733 -14.4718 -10.0732
32.1293 -14.4942 -7.9592
31.9980 -14.0689 -7.3773
31.5647 -12.7041 -7.1720
31.4930 -12.3321 -6.8867
31.2528 -12.8214 -7.1650
31.5833 -8.9539 -10.1990
29.3973 -9.3080 -8.8038
33.0746 -10.7576 -8.8730
31.1089 -2.6628 -9.0345
29.4931 -8.6469 -4.8683
31.7484 -10.4344 -12.4114
27.5074 -5.4201 -8.2695
29.9297 -10.1144 -4.3404
30.4668 -5.9806 -7.9764
29.3742 -13.3104 -5.6530
34.6103 -12.5124 -8.4623
25.6594 -7.5368 -0.1635
30.9121 -5.9221 -7.6349
32.7534 -8.7104 -6.8225
25.8205 -2.8797 14.1633
25.1510 0.4552 19.1134
26.1837 -8.2182 -3.3822
27.7373 -6.8761 -7.5903
25.5326 -14.4306 3.3454
32.0258 -7.0603 -9.7996
31.0607 -5.3923 -8.0785
33.7686 -7.7227 -7.2388
31.2606 -17.4209 -2.7282
28.5612 -14.1730 -6.1417
23.5084 -4.8927 -6.2009
29.3611 -3.0742 -8.7834
26.7444 -4.1298 5.7277
28.2355 -13.5249 -9.6396
28.7883 -11.0860 -10.8041
22.8084 1.8557 -3.5705
25.7897 -9.6529 -0.5932
28.4643 -8.4777 -4.4096
29.8412 -6.7382 -5.8692
24.1915 -5.7684 12.0329
29.6356 -6.8055 -6.4409
27.0574 -6.8424 -5.3396
24.4234 -0.9170 -6.6477
-35.2690 84.6086 59.1357
30.4532 -9.9871 -4.8769
25.9079 -9.2414 -7.9258
21.2534 -14.9654 7.3935
-33.3857 135.2752 240.6725
43.4636 31.9817 33.8606
24.4676 -13.4932 -0.8611
29.3951 44.8249 58.8827
40.4341 16.8322 19.6344
27.7164 -7.5870 -3.8599
19.4588 -10.3466 11.6821
18.5933 -9.3577 13.5074
28.3641 -9.8134 -5.9461
32.5736 -6.4816 -8.1935
33.0829 -3.4733 -11.9909
29.4913 -10.8376 -7.9823
22.9998 -5.2548 -7.4557
33.5670 -9.8140 -10.1133
8.9519 17.3497 9.8431
30.8912 -7.3839 -6.5612
24.3826 0.5999 19.8297
27.4352 -11.9982 -6.3698
22.5926 -15.4870 4.9617
33.4549 -12.4922 -8.4070
26.8267 -15.9391 1.1223
26.4980 -4.8828 -0.3426
25.3189 -4.4525 -8.8695
22.3949 -16.0333 4.7142
26.7058 -2.1786 1.3282
30.3620 -8.3897 -6.6778
30.4679 -7.0358 -7.1411
29.4680 -14.0219 -5.9869
23.4942 -12.8362 9.3581
31.1278 -3.0269 -9.3576
32.3927 -6.1535 -6.8822
27.1789 -8.9092 -5.9413
23.1667 -12.1961 1.3665
31.1714 -6.1344 -8.1817
29.8205 -14.5825 -7.0950
37.5384 20.7926 23.6656
33.5166 -7.7276 -6.7652
23.9814 -7.0652 -5.0468
40.1172 8.6524 11.4869
28.7948 -8.9175 -5.8427
22.9542 -15.6613 4.4249
30.4217 -9.2332 -7.0978
6.3202 39.5270 10.0704
35.3333 -14.6750 -10.9816
29.6666 -8.1667 -7.0894
28.6083 -14.6172 -5.0812
28.6277 -13.9628 -11.4144
27.1029 -7.5636 -8.5222
27.9479 -18.4452 -5.4032
32.2600 8.0082 17.0126
32.2721 7.5210 16.4900
32.2070 8.0091 17.0117
22.9800 -12.1136 1.6878
25.2291 -14.1258 -2.1515
29.9377 -12.0190 -8.3646
20.0311 -1.2190 0.8240
7.8179 18.1453 11.0328
28.8662 -8.4777 -6.5081
29.9603 -14.5906 -6.4469
31.2921 -2.1737 -6.9520
30.3419 -8.1265 -6.2999
32.1664 -6.5734 -7.7573
21.5668 -1.3093 -4.7394
40.3045 13.5120 16.1706
29.9376 -8.1827 -7.3611
37.1226 -5.5750 -4.6943
33.5796 -13.2346 -8.6501
33.5052 -11.6555 -7.1905
33.0585 -10.5776 -5.6062
34.6324 -11.3842 -7.3371
34.1060 -8.4640 -10.2020
30.8063 -8.6762 -2.3990
33.7152 -4.8814 -8.1725
22.1460 3.5286 -2.7249
35.1739 9.3500 5.5902
31.5157 -6.8896 -7.2436
34.3226 0.0217 -2.3749
30.5661 -10.6374 -5.5320
27.3945 -3.7165 -1.1911
34.2138 -6.4299 -6.7290
31.1340 -5.2369 -8.3318
31.5299 -6.3728 -7.1620
29.6254 -7.0331 -5.0153
31.8007 -11.5007 -4.8864
34.4804 -12.5174 -8.4174
32.3790 -13.1564 -8.1571
32.4108 -13.2598 -8.2173
31.7279 -14.4034 -8.0621
32.8313 -5.4816 -7.5476
32.3882 -6.7848 -6.9875
34.9081 -8.6780 -7.0813
33.4999 -7.4722 -6.5544
32.3022 -7.2688 -7.2439
31.2014 -17.3020 -2.4947
30.5456 -10.2849 -5.2335
31.2908 -14.0378 -7.6055
33.0589 -7.9553 -6.7548
33.1516 -7.7684 -7.0593
28.3241 -8.3917 -4.8540
31.2881 -5.2986 -7.8860
24.9540 -14.1720 4.5794
32.5107 -7.5502 -7.1940
33.6919 -6.1514 -7.7839
26.8934 -7.1441 -5.9193
33.6263 -12.9021 -8.4808
20.8606 -11.7871 8.7061
33.2940 -13.3296 -8.0564
25.0049 -3.2403 -8.1920
29.8419 -3.5821 -9.3288
29.9547 -7.8955 -6.3395
34.0947 -7.7637 -7.5472
34.7217 -12.5099 -9.3837
32.7683 -8.7995 -6.9315
33.0574 -8.0212 -6.8163
33.6712 -6.3181 -7.8637
31.6394 -7.1170 -7.6534
32.0544 -7.8073 -7.4701
30.2014 -7.3271 -8.2005
25.7210 -2.5688 14.8442
28.5209 -16.8361 -0.2242
28.0222 -9.1922 -6.4491
30.3683 -5.3976 -7.5611
33.7795 -13.1808 -8.4994
23.7207 -12.6919 -0.8075
31.8310 -8.1793 -8.3040
35.7287 -12.1536 -8.9927
39.4851 8.7392 11.8582
24.3429 -13.7117 5.8975
26.4500 -8.7201 -3.8360
27.2011 -7.0200 -7.4510
23.5207 -12.4540 -0.4161
26.2566 -5.7853 -7.3290
29.6087 -11.9404 -5.7044
21.9089 -16.0837 5.2517
32.6396 -7.9304 -6.2991
25.5753 -7.6921 -2.7540
22.0935 -2.8835 -4.7417
27.0017 -16.0427 1.2751
25.0440 -14.5445 4.0728
25.1302 -14.5949 3.8772
23.9876 -6.7386 -7.7429
29.3087 -9.8473 -6.6851
27.5831 -6.4627 -4.3300
25.8249 -10.2424 -1.7142
32.8742 -2.2228 5.6191
22.4667 -15.4998 5.0388
32.8121 -11.9382 -7.5390
34.5342 -7.4791 -6.5037
33.7728 -5.6247 -8.5696
30.2140 -13.5792 -6.8274
32.3977 -6.0053 -7.8985
33.2171 -8.2382 -6.8851
33.5508 -8.0688 -6.9587
27.9258 -4.2806 -0.6388
33.2644 -12.8156 -8.0401
35.8298 -11.0108 -9.2654
36.2126 -9.6134 -7.2444
35.7659 -11.5019 -9.6223
30.3143 -4.9863 -4.7318
33.1424 -13.0970 -8.3804
33.5876 -6.3813 -6.2322
26.4175 -4.3974 -7.7392
28.8300 1.7730 -3.1015
24.2788 -13.2879 -0.5923
35.0916 -11.9254 -8.6309
34.2284 -12.8173 -8.9230
33.6544 -12.9615 -9.0788
33.5136 -13.1905 -8.2384
33.4842 -13.1163 -8.9927
30.0790 -9.0792 -3.9633
32.4232 -12.5235 -6.6198
28.7588 -9.0291 -6.5422
30.4180 -15.2369 -8.1621
30.8727 -7.1343 -6.4119
33.5975 -9.1606 -6.6160
32.3842 -7.8932 -7.7011
33.1033 -6.8703 -6.0428
31.8198 -15.7255 -14.4942
31.1089 -2.6628 -9.0345
32.1297 -13.6703 -7.5768
30.4668 -5.9806 -7.9764
34.6103 -12.5124 -8.4623
25.8532 -5.2738 -7.7290
25.6594 -7.5368 -0.1635
30.9121 -5.9221 -7.6349
25.8205 -2.8797 14.1633
25.1510 0.4552 19.1134
26.1837 -8.2182 -3.3822
27.7373 -6.8761 -7.5903
31.0857 32.9168 0.9427
32.3625 -2.8926 -13.1856
32.0973 2.4606 -11.0936
33.7686 -7.7227 -7.2388
31.2606 -17.4209 -2.7282
38.3761 24.0592 26.6883
28.2355 -13.5249 -9.6396
24.2445 -7.2744 -6.6243
23.6847 -5.3909 -9.1438
31.2724 -5.5033 -10.1473
28.7883 -11.0860 -10.8041
22.8084 1.8557 -3.5705
25.7897 -9.6529 -0.5932
19.8484 -9.1436 12.4640
19.8814 -9.3438 12.2463
21.8015 -16.6999 4.8221
13.2940 26.6807 62.8941
33.3967 2.5474 -9.7892
18.6447 3.0793 -1.2327
25.3109 -8.4724 -8.9449
33.9972 -11.3692 -14.5925
26.6745 -5.8604 -4.7539
29.6356 -6.8055 -6.4409
32.5044 27.9943 -1.5795
25.4562 -4.4088 -7.4618
30.4532 -9.9871 -4.8769
34.2229 -15.4665 -15.6044
34.0965 -11.0633 -13.9243
37.8750 -12.8366 -10.5780
35.8345 -9.3207 -11.8697
21.2534 -14.9654 7.3935
-33.3857 135.2752 240.6725
24.4676 -13.4932 -0.8611
29.3951 44.8249 58.8827
40.4341 16.8322 19.6344
27.7164 -7.5870 -3.8599
19.4588 -10.3466 11.6821
28.3641 -9.8134 -5.9461
31.1973 -0.8747 -12.0026
28.8707 -8.7594 -8.9220
33.3681 -12.0887 -15.2083
33.0885 -2.5049 -12.1807
36.3551 -16.5753 -13.6171
22.9998 -5.2548 -7.4557
27.7772 12.3139 1.7705
33.5670 -9.8140 -10.1133
30.8912 -7.3839 -6.5612
27.4352 -11.9982 -6.3698
33.1184 -5.7865 -8.5945
22.5926 -15.4870 4.9617
27.3242 1.0224 -5.1579
27.1506 -16.1607 0.8414
26.8267 -15.9391 1.1223
31.0277 -14.1859 -6.8019
22.3949 -16.0333 4.7142
34.0765 -3.8880 -7.5929
32.2325 -5.7792 -7.4522
29.4680 -14.0219 -5.9869
20.6769 -0.8484 4.5861
21.9887 -4.9129 15.2094
23.4942 -12.8362 9.3581
31.3954 -6.3902 -8.5305
29.0786 -9.6841 -6.9691
11.7118 12.5585 5.4697
33.5704 -6.2930 -7.6133
22.4566 -4.4135 -6.0142
14.9518 -4.1877 14.1032
31.1278 -3.0269 -9.3576
36.1152 -0.7709 -8.4722
23.1667 -12.1961 1.3665
33.5166 -7.7276 -6.7652
23.9814 -7.0652 -5.0468
22.9542 -15.6613 4.4249
30.4217 -9.2332 -7.0978
33.9838 -13.8778 -15.2637
6.3202 39.5270 10.0704
35.9983 -6.5732 -7.0044
34.2601 -6.8060 -12.1336
35.3333 -14.6750 -10.9816
27.7514 -12.4051 -8.5685
28.4191 -13.6508 -11.1441
21.1763 -2.1382 1.3738
28.6277 -13.9628 -11.4144
31.9372 -5.5469 -8.4467
31.2613 -14.0194 -7.2159
22.9800 -12.1136 1.6878
25.2291 -14.1258 -2.1515
20.0311 -1.2190 0.8240
28.8662 -8.4777 -6.5081
40.5824 13.1190 15.6667
36.5429 11.9319 -1.4647
29.9603 -14.5906 -6.4469
17.9249 -9.4295 14.3016
18.5387 -10.4595 12.8112
37.4268 -10.2609 -8.2361
30.3419 -8.1265 -6.2999
32.1664 -6.5734 -7.7573
40.3045 13.5120 16.1706
29.9376 -8.1827 -7.3611
28.8589 -7.2056 -5.9624
35.3457 -11.3752 -9.1131
33.2688 -5.5177 -12.5478
37.1226 -5.5750 -4.6943
33.5796 -13.2346 -8.6501
33.5052 -11.6555 -7.1905
34.6324 -11.3842 -7.3371
34.1060 -8.4640 -10.2020
30.8063 -8.6762 -2.3990
33.7152 -4.8814 -8.1725
31.5157 -6.8896 -7.2436
31.1340 -5.2369 -8.3318
31.5299 -6.3728 -7.1620
34.9373 -1.6239 0.4892
32.7184 -7.9042 -1.9482
30.9938 -8.5696 -2.3872
30.1716 -10.0755 -2.1091
30.8865 -10.0383 -2.7398
38.6706 -6.3363 -5.6906
29.9285 0.5553 6.0163
40.2098 -2.0705 -3.4175
44.4103 4.3085 -0.2697
41.6762 0.8317 -1.4770
29.6468 -3.9253 2.2134
32.1949 6.1587 12.4136
34.1236 5.1953 6.6703
34.4804 -12.5174 -8.4174
34.5355 -12.1260 -9.1407
32.9298 -6.4688 -8.1185
32.3882 -6.7848 -6.9875
32.8426 -5.1605 -6.8038
31.2014 -17.3020 -2.4947
32.7345 -9.0110 -4.9805
29.8411 -8.3397 -0.4044
24.9540 -14.1720 4.5794
30.2797 -6.8589 -7.0537
33.6263 -12.9021 -8.4808
33.4773 -13.0716 -8.9630
28.3844 -7.4467 -4.6720
31.4411 -13.7821 -7.4230
33.2940 -13.3296 -8.0564
25.0049 -3.2403 -8.1920
29.8419 -3.5821 -9.3288
31.4625 -13.6714 -7.9115
29.8144 -8.0618 -5.7017
29.9547 -7.8955 -6.3395
33.0574 -8.0212 -6.8163
31.6394 -7.1170 -7.6534
31.3302 -13.8058 -7.2916
25.7210 -2.5688 14.8442
28.5209 -16.8361 -0.2242
23.7207 -12.6919 -0.8075
27.4973 -7.7047 -6.1407
31.6855 -13.9836 -7.6339
26.5991 -15.7113 1.5346
24.3429 -13.7117 5.8975
24.8836 -3.3171 -7.5767
26.4500 -8.7201 -3.8360
27.2011 -7.0200 -7.4510
23.5207 -12.4540 -0.4161
26.2566 -5.7853 -7.3290
29.6087 -11.9404 -5.7044
20.9146 -1.4770 1.9307
21.9089 -16.0837 5.2517
25.5753 -7.6921 -2.7540
27.0017 -16.0427 1.2751
25.0440 -14.5445 4.0728
23.9876 -6.7386 -7.7429
29.3087 -9.8473 -6.6851
27.5831 -6.4627 -4.3300
22.4667 -15.4998 5.0388
32.8121 -11.9382 -7.5390
33.0484 -7.4751 -8.3183
31.0403 -8.6988 -5.5155
34.6075 -12.4296 -8.3863
30.9805 -12.9703 -5.8268
27.7818 -8.7676 -8.4331
18.1187 -12.2299 -9.9039
34.8812 -8.0385 -5.3323
35.2488 -9.3467 -6.2888
33.4836 -9.2240 -5.8241
35.4809 -8.3763 -6.5500
33.0289 -6.3059 -2.8279
33.0511 -12.8641 -8.5648
32.4422 -11.4979 -6.6430
21.8884 -0.3639 13.7709
40.1481 0.5312 -1.5464
34.0566 -1.4782 0.1516
24.1820 0.6168 3.8191
24.2788 -13.2879 -0.5923
35.0916 -11.9254 -8.6309
32.8600 -12.4538 -8.0878
31.7970 -12.7617 -6.9906
32.9666 -5.0722 -1.2546
36.2199 -15.9487 -13.4021
-26.9042 290.4772 354.6196
31.1089 -2.6628 -9.0345
31.7326 -13.8468 -8.0220
32.1297 -13.6703 -7.5768
32.6983 -14.3560 -9.3014
31.5439 -14.8602 -8.5017
30.4668 -5.9806 -7.9764
25.1684 -7.7124 -2.4998
25.8532 -5.2738 -7.7290
25.6594 -7.5368 -0.1635
25.5342 -8.6274 -3.1958
29.0403 -5.9458 -5.7694
32.0743 -9.8411 -5.8565
25.1510 0.4552 19.1134
26.1837 -8.2182 -3.3822
30.0212 -9.2143 -7.8432
25.5326 -14.4306 3.3454
23.5544 -4.3505 -5.9384
33.7686 -7.7227 -7.2388
22.1101 -8.7879 10.3356
22.5277 -2.0302 -2.5423
38.3761 24.0592 26.6883
23.5084 -4.8927 -6.2009
25.2680 -4.4725 -9.4163
19.2523 3.4893 1.3355
28.7883 -11.0860 -10.8041
29.2116 -10.8410 -4.3086
24.1915 -5.7684 12.0329
26.6745 -5.8604 -4.7539
31.3595 -7.0624 -7.3135
27.0177 -8.6799 -5.4903
29.6356 -6.8055 -6.4409
27.0574 -6.8424 -5.3396
24.4234 -0.9170 -6.6477
23.5069 -4.6211 -6.0145
30.4532 -9.9871 -4.8769
31.5793 -3.7138 -7.4982
25.9079 -9.2414 -7.9258
18.5933 -9.3577 13.5074
30.8912 -7.3839 -6.5612
22.5926 -15.4870 4.9617
33.4549 -12.4922 -8.4070
27.1506 -16.1607 0.8414
26.8267 -15.9391 1.1223
28.2409 -6.4899 -5.4187
26.4980 -4.8828 -0.3426
25.3189 -4.4525 -8.8695
26.7058 -2.1786 1.3282
30.3620 -8.3897 -6.6778
20.6769 -0.8484 4.5861
23.4942 -12.8362 9.3581
29.0786 -9.6841 -6.9691
11.7118 12.5585 5.4697
33.5704 -6.2930 -7.6133
22.4566 -4.4135 -6.0142
29.7569 -14.7660 -6.8442
31.1714 -6.1344 -8.1817
33.1632 -8.0297 -7.0385
24.5357 -13.0070 6.0132
38.7603 26.4683 28.2090
29.0407 -5.8811 -4.7044
23.9814 -7.0652 -5.0468
22.9542 -15.6613 4.4249
29.6666 -8.1667 -7.0894
30.9002 -8.3828 -7.1610
33.0127 -6.7060 -7.9552
20.1892 -0.1934 5.1026
29.6023 -13.0961 -6.4184
28.6277 -13.9628 -11.4144
31.9372 -5.5469 -8.4467
27.9464 -13.1460 -6.9909
31.2613 -14.0194 -7.2159
26.8717 -6.3748 -5.1994
7.8179 18.1453 11.0328
28.8662 -8.4777 -6.5081
40.5824 13.1190 15.6667
17.9118 6.3294 3.1133
30.3419 -8.1265 -6.2999
31.6551 -7.4279 -7.6205
31.5299 -6.3728 -7.1620
33.5278 -13.9436 -9.4026
33.5705 -14.2529 -9.6769
34.4804 -12.5174 -8.4174
32.8661 -14.2911 -8.9739
33.7748 -13.6396 -9.6475
34.5355 -12.1260 -9.1407
34.5426 -12.4041 -9.3679
31.9986 -13.5374 -7.9615
33.0009 -14.8561 -9.0751
31.9663 -14.2589 -8.0434
32.2268 -14.0521 -8.3264
32.1612 -13.8819 -8.1813
31.9112 -11.4715 -6.5338
31.4350 -14.1210 -7.2374
33.5270 -12.5760 -8.8592
32.3790 -13.1564 -8.1571
32.4108 -13.2598 -8.2173
31.9543 -11.6006 -6.7015
34.4287 -9.2960 -7.2363
31.7542 -9.0836 -4.7850
31.7279 -14.4034 -8.0621
33.4162 -10.5429 -7.2342
31.4154 -14.4736 -8.0884
31.8086 -14.0367 -7.9642
32.8313 -5.4816 -7.5476
32.9298 -6.4688 -8.1185
32.2416 -16.9780 -2.7994
33.2894 -9.2301 -9.2333
34.9081 -8.6780 -7.0813
33.4999 -7.4722 -6.5544
32.8426 -5.1605 -6.8038
32.3022 -7.2688 -7.2439
31.2014 -17.3020 -2.4947
30.5456 -10.2849 -5.2335
30.9779 -13.1079 -6.2080
24.7063 -10.8040 5.8923
34.7929 -12.4688 -9.5943
33.1516 -7.7684 -7.0593
30.8081 -10.3605 -5.3216
30.5876 -11.0396 -5.5639
31.2881 -5.2986 -7.8860
22.1802 -10.0999 8.8043
32.6687 -13.3911 -7.8942
24.9540 -14.1720 4.5794
24.6487 -5.6516 -5.0517
25.6764 -5.0133 -9.7118
32.5107 -7.5502 -7.1940
30.2797 -6.8589 -7.0537
33.6919 -6.1514 -7.7839
33.1226 -9.2908 -8.6264
27.2620 -12.0066 -3.6170
31.3985 -4.9912 -8.9942
18.8617 -9.5222 13.0138
31.4779 -12.9179 -6.6288
33.6263 -12.9021 -8.4808
33.5784 -13.0688 -8.4731
20.8606 -11.7871 8.7061
33.4773 -13.0716 -8.9630
28.3844 -7.4467 -4.6720
30.5984 -11.0560 -5.5827
31.4411 -13.7821 -7.4230
33.2940 -13.3296 -8.0564
24.4732 -13.4456 -0.7800
25.0049 -3.2403 -8.1920
31.1753 -7.1414 -8.3847
29.8419 -3.5821 -9.3288
31.4625 -13.6714 -7.9115
29.8144 -8.0618 -5.7017
29.9547 -7.8955 -6.3395
34.0947 -7.7637 -7.5472
32.7683 -8.7995 -6.9315
33.0574 -8.0212 -6.8163
33.6712 -6.3181 -7.8637
31.6394 -7.1170 -7.6534
30.2014 -7.3271 -8.2005
31.3302 -13.8058 -7.2916
25.7210 -2.5688 14.8442
28.5209 -16.8361 -0.2242
28.0222 -9.1922 -6.4491
23.1683 -4.6178 14.3636
25.7687 -4.5844 -7.4893
25.3002 -4.0348 -7.0939
30.3683 -5.3976 -7.5611
33.7795 -13.1808 -8.4994
31.6159 -14.5590 -8.1214
24.9488 -10.1674 6.3656
23.7207 -12.6919 -0.8075
31.4165 -13.4939 -7.7294
27.4973 -7.7047 -6.1407
24.4312 -5.9592 -0.9747
34.5165 -9.0244 -6.8463
32.0155 -9.5179 -5.5476
31.8310 -8.1793 -8.3040
35.7287 -12.1536 -8.9927
39.4851 8.7392 11.8582
31.6855 -13.9836 -7.6339
26.5991 -15.7113 1.5346
24.3429 -13.7117 5.8975
30.9089 -11.1909 -8.5604
26.4500 -8.7201 -3.8360
20.5385 -6.4051 14.4540
27.5244 -8.0857 -8.0249
22.1880 5.2765 27.0764
23.5207 -12.4540 -0.4161
26.2566 -5.7853 -7.3290
24.3993 -2.4700 -7.1166
29.6087 -11.9404 -5.7044
20.9146 -1.4770 1.9307
32.3577 -1.7852 -5.8215
21.2697 4.4688 -4.7724
21.9089 -16.0837 5.2517
32.4563 -12.8798 -8.2819
33.6487 -12.1764 -8.4046
32.6396 -7.9304 -6.2991
25.5753 -7.6921 -2.7540
22.0935 -2.8835 -4.7417
27.0017 -16.0427 1.2751
27.9681 -7.5838 -4.7792
19.0468 -7.9153 13.8291
25.0440 -14.5445 4.0728
27.2117 -12.0150 -7.2819
25.1302 -14.5949 3.8772
23.9876 -6.7386 -7.7429
29.2571 -10.6194 -4.8545
29.3087 -9.8473 -6.6851
27.5831 -6.4627 -4.3300
25.8249 -10.2424 -1.7142
22.4667 -15.4998 5.0388
24.7544 -13.6851 -2.3051
31.6471 -17.7955 -3.9755
33.0484 -7.4751 -8.3183
30.5050 -11.4330 -5.9056
30.2140 -13.5792 -6.8274
32.3977 -6.0053 -7.8985
33.2171 -8.2382 -6.8851
33.1424 -13.0970 -8.3804
27.8211 -14.0161 -5.1661
27.7818 -8.7676 -8.4331
24.1820 0.6168 3.8191
30.0790 -9.0792 -3.9633
33.1053 -8.9003 -7.4352
30.8727 -7.1343 -6.4119
33.1033 -6.8703 -6.0428
31.1089 -2.6628 -9.0345
30.2606 -9.2856 -7.5643
33.7643 -17.6980 -16.7042
25.8205 -2.8797 14.1633
25.5326 -14.4306 3.3454
10.5725 14.9385 7.1296
32.3625 -2.8926 -13.1856
34.2860 4.1399 -8.4868
29.2194 5.9451 -5.9373
31.2606 -17.4209 -2.7282
22.5277 -2.0302 -2.5423
24.2445 -7.2744 -6.6243
31.2724 -5.5033 -10.1473
19.2523 3.4893 1.3355
24.7029 -7.4329 -8.2969
33.4017 -4.3916 -7.6419
29.4936 -15.2933 -9.7507
25.7897 -9.6529 -0.5932
19.8484 -9.1436 12.4640
18.6447 3.0793 -1.2327
25.3109 -8.4724 -8.9449
29.8412 -6.7382 -5.8692
22.5061 -4.1265 -8.0821
26.6745 -5.8604 -4.7539
31.3595 -7.0624 -7.3135
33.0924 -8.4071 -9.0840
33.5221 -16.1274 -16.2820
23.8129 12.7454 10.6835
34.2991 -6.4558 -12.4951
37.1337 -15.1764 -12.4894
33.5636 -11.1456 -11.0803
25.9079 -9.2414 -7.9258
37.8750 -12.8366 -10.5780
35.8345 -9.3207 -11.8697
22.3933 -4.0216 -8.0279
24.4676 -13.4932 -0.8611
28.3641 -9.8134 -5.9461
33.5138 -5.8136 -12.5397
33.0829 -3.4733 -11.9909
33.3681 -12.0887 -15.2083
29.7000 -12.9529 -4.3983
33.0885 -2.5049 -12.1807
36.3551 -16.5753 -13.6171
36.0644 4.9797 -5.0257
27.7772 12.3139 1.7705
34.8901 -3.2139 -9.3895
20.9281 2.6652 -4.8236
28.3498 -7.6084 -5.2834
31.7935 -1.8637 -5.5711
29.0762 -3.6933 -2.8465
33.3967 -11.8055 -11.3547
34.2644 -20.0868 -17.3269
33.0024 -11.4088 -15.5993
27.1506 -16.1607 0.8414
26.8267 -15.9391 1.1223
31.0277 -14.1859 -6.8019
26.5342 -15.6481 1.7670
32.8013 -6.2798 -0.9465
34.0765 -3.8880 -7.5929
20.6769 -0.8484 4.5861
21.9887 -4.9129 15.2094
31.3954 -6.3902 -8.5305
29.0786 -9.6841 -6.9691
33.5704 -6.2930 -7.6133
36.1152 -0.7709 -8.4722
31.7994 -6.6988 -13.7483
23.1667 -12.1961 1.3665
150.2344 269.9178 144.1431
46.0735 5.3647 -2.1803
33.1920 -7.0441 -8.4893
32.0156 -7.1125 -13.6799
29.0407 -5.8811 -4.7044
33.9838 -13.8778 -15.2637
33.6466 4.9489 -6.8038
29.7092 -16.2919 -8.9497
31.4257 -14.1761 -5.8353
35.9983 -6.5732 -7.0044
34.2601 -6.8060 -12.1336
22.1781 1.9151 -4.9662
19.8201 0.6315 -6.5124
42.3196 6.4093 0.9658
36.9339 -15.8201 -13.0221
20.1892 -0.1934 5.1026
28.4191 -13.6508 -11.1441
28.6277 -13.9628 -11.4144
31.9372 -5.5469 -8.4467
26.8717 -6.3748 -5.1994
22.9800 -12.1136 1.6878
25.2291 -14.1258 -2.1515
29.9377 -12.0190 -8.3646
7.8179 18.1453 11.0328
17.9118 6.3294 3.1133
29.9603 -14.5906 -6.4469
42.0354 20.1125 10.7567
37.4268 -10.2609 -8.2361
24.5170 -6.9064 -8.5056
31.2921 -2.1737 -6.9520
29.9376 -8.1827 -7.3611
28.8589 -7.2056 -5.9624
35.3457 -11.3752 -9.1131
33.5796 -13.2346 -8.6501
30.8063 -8.6762 -2.3990
33.7152 -4.8814 -8.1725
31.5157 -6.8896 -7.2436
34.3226 0.0217 -2.3749
27.3945 -3.7165 -1.1911
31.1340 -5.2369 -8.3318
29.6254 -7.0331 -5.0153
34.9373 -1.6239 0.4892
32.7184 -7.9042 -1.9482
30.9938 -8.5696 -2.3872
30.1716 -10.0755 -2.1091
30.8865 -10.0383 -2.7398
29.9285 0.5553 6.0163
44.4103 4.3085 -0.2697
41.6762 0.8317 -1.4770
29.6468 -3.9253 2.2134
34.1236 5.1953 6.6703
33.7748 -13.6396 -9.6475
31.9986 -13.5374 -7.9615
31.4350 -14.1210 -7.2374
32.3882 -6.7848 -6.9875
33.4999 -7.4722 -6.5544
32.8426 -5.1605 -6.8038
33.2168 -13.1154 -9.0306
32.7345 -9.0110 -4.9805
31.2908 -14.0378 -7.6055
29.8411 -8.3397 -0.4044
29.3495 -0.7488 5.3151
41.6142 1.4425 -2.5625
32.6030 -11.7275 -9.8958
24.2096 -1.5781 12.5303
31.3054 -3.1029 -3.0513
31.7279 -4.0790 -9.8491
32.1496 -13.5412 -7.9279
31.2881 -5.2986 -7.8860
32.1167 -13.7620 -8.0470
24.9540 -14.1720 4.5794
32.5107 -7.5502 -7.1940
30.2797 -6.8589 -7.0537
33.6919 -6.1514 -7.7839
28.3844 -7.4467 -4.6720
31.4625 -13.6714 -7.9115
29.8144 -8.0618 -5.7017
30.2014 -7.3271 -8.2005
28.5209 -16.8361 -0.2242
30.3683 -5.3976 -7.5611
24.4312 -5.9592 -0.9747
31.6855 -13.9836 -7.6339
24.3429 -13.7117 5.8975
23.5207 -12.4540 -0.4161
29.6087 -11.9404 -5.7044
27.0017 -16.0427 1.2751
25.0440 -14.5445 4.0728
27.2117 -12.0150 -7.2819
23.9876 -6.7386 -7.7429
29.3087 -9.8473 -6.6851
33.9020 -13.1584 -8.1691
33.7820 -12.1097 -7.1448
32.8121 -11.9382 -7.5390
31.9033 -13.7238 -7.9174
33.7728 -5.6247 -8.5696
32.5458 -3.3197 -5.4109
31.3666 -4.0297 -0.6445
30.9805 -12.9703 -5.8268
27.7818 -8.7676 -8.4331
33.4836 -9.2240 -5.8241
33.0289 -6.3059 -2.8279
33.0511 -12.8641 -8.5648
21.8884 -0.3639 13.7709
37.4289 -17.8696 -13.0547
24.2788 -13.2879 -0.5923
33.9986 -13.0467 -9.6852
33.6544 -12.9615 -9.0788
33.5136 -13.1905 -8.2384
33.4842 -13.1163 -8.9927
32.8600 -12.4538 -8.0878
33.1053 -8.9003 -7.4352
41.7987 -10.1186 -8.8249
39.6458 -13.4654 -11.1790
35.2825 -6.8411 -5.1680
32.7943 -10.7931 -7.8549
36.2199 -15.9487 -13.4021
-26.9042 290.4772 354.6196
-170.2022 716.4316 911.6581
31.1089 -2.6628 -9.0345
32.1297 -13.6703 -7.5768
25.8532 -5.2738 -7.7290
25.6594 -7.5368 -0.1635
25.5342 -8.6274 -3.1958
20.3885 -11.1293 9.8363
30.9121 -5.9221 -7.6349
27.5919 -9.2685 -3.6947
32.7534 -8.7104 -6.8225
26.1837 -8.2182 -3.3822
31.2606 -17.4209 -2.7282
38.8689 9.8532 13.3292
22.5277 -2.0302 -2.5423
23.5084 -4.8927 -6.2009
19.2523 3.4893 1.3355
28.7883 -11.0860 -10.8041
21.8015 -16.6999 4.8221
26.6745 -5.8604 -4.7539
27.0574 -6.8424 -5.3396
-35.2690 84.6086 59.1357
25.4562 -4.4088 -7.4618
32.3511 -6.9480 -7.1812
23.5069 -4.6211 -6.0145
30.4532 -9.9871 -4.8769
31.5793 -3.7138 -7.4982
32.5736 -6.4816 -8.1935
25.4048 -8.1417 -8.7816
33.5670 -9.8140 -10.1133
33.1184 -5.7865 -8.5945
22.5926 -15.4870 4.9617
27.1506 -16.1607 0.8414
26.8267 -15.9391 1.1223
26.4980 -4.8828 -0.3426
31.0277 -14.1859 -6.8019
26.5342 -15.6481 1.7670
22.3949 -16.0333 4.7142
26.7058 -2.1786 1.3282
28.8853 -8.4355 -5.7219
20.8625 -15.8216 6.7409
23.4942 -12.8362 9.3581
31.3954 -6.3902 -8.5305
14.9518 -4.1877 14.1032
27.6847 -8.0713 -8.6924
37.5384 20.7926 23.6656
33.5166 -7.7276 -6.7652
33.1632 -8.0297 -7.0385
28.6461 -14.1167 -6.0876
40.1172 8.6524 11.4869
28.7948 -8.9175 -5.8427
22.9542 -15.6613 4.4249
30.9002 -8.3828 -7.1610
29.3824 -9.1222 -6.2408
31.9372 -5.5469 -8.4467
27.9464 -13.1460 -6.9909
31.2613 -14.0194 -7.2159
31.1541 -15.3284 -11.4836
20.0311 -1.2190 0.8240
28.8662 -8.4777 -6.5081
40.5824 13.1190 15.6667
17.9118 6.3294 3.1133
30.3419 -8.1265 -6.2999
40.3045 13.5120 16.1706
22.2625 -3.7546 -3.3791
30.5661 -10.6374 -5.5320
31.5299 -6.3728 -7.1620
32.8661 -14.2911 -8.9739
31.9986 -13.5374 -7.9615
34.4287 -9.2960 -7.2363
31.7542 -9.0836 -4.7850
33.2894 -9.2301 -9.2333
32.3882 -6.7848 -6.9875
31.2014 -17.3020 -2.4947
32.9021 -13.0293 -8.5712
30.9779 -13.1079 -6.2080
24.7063 -10.8040 5.8923
32.1496 -13.5412 -7.9279
33.0589 -7.9553 -6.7548
34.7929 -12.4688 -9.5943
33.1516 -7.7684 -7.0593
28.3241 -8.3917 -4.8540
30.8081 -10.3605 -5.3216
30.5876 -11.0396 -5.5639
31.2881 -5.2986 -7.8860
22.1802 -10.0999 8.8043
32.1167 -13.7620 -8.0470
32.6687 -13.3911 -7.8942
24.9540 -14.1720 4.5794
24.6487 -5.6516 -5.0517
25.6764 -5.0133 -9.7118
32.5107 -7.5502 -7.1940
30.2797 -6.8589 -7.0537
33.6919 -6.1514 -7.7839
33.1226 -9.2908 -8.6264
34.1736 -7.0623 -7.4434
26.8934 -7.1441 -5.9193
27.2620 -12.0066 -3.6170
31.3985 -4.9912 -8.9942
18.8617 -9.5222 13.0138
31.4779 -12.9179 -6.6288
33.6263 -12.9021 -8.4808
33.5784 -13.0688 -8.4731
20.8606 -11.7871 8.7061
33.4042 -10.6653 -7.2970
33.4773 -13.0716 -8.9630
28.4132 -8.6137 -5.0894
28.3844 -7.4467 -4.6720
30.5984 -11.0560 -5.5827
31.4411 -13.7821 -7.4230
33.2940 -13.3296 -8.0564
24.4732 -13.4456 -0.7800
25.0049 -3.2403 -8.1920
31.1753 -7.1414 -8.3847
29.8419 -3.5821 -9.3288
31.4625 -13.6714 -7.9115
29.8144 -8.0618 -5.7017
29.9547 -7.8955 -6.3395
34.0947 -7.7637 -7.5472
34.7217 -12.5099 -9.3837
32.7683 -8.7995 -6.9315
33.0574 -8.0212 -6.8163
32.6380 -6.0086 -7.9512
33.6712 -6.3181 -7.8637
31.6394 -7.1170 -7.6534
32.0544 -7.8073 -7.4701
30.2014 -7.3271 -8.2005
31.3302 -13.8058 -7.2916
25.7210 -2.5688 14.8442
28.5209 -16.8361 -0.2242
28.0222 -9.1922 -6.4491
23.1683 -4.6178 14.3636
25.7687 -4.5844 -7.4893
25.3002 -4.0348 -7.0939
30.3683 -5.3976 -7.5611
33.7795 -13.1808 -8.4994
31.6159 -14.5590 -8.1214
24.3516 -7.8006 9.6165
24.9488 -10.1674 6.3656
23.7207 -12.6919 -0.8075
31.4165 -13.4939 -7.7294
27.4973 -7.7047 -6.1407
24.4312 -5.9592 -0.9747
34.5165 -9.0244 -6.8463
32.0155 -9.5179 -5.5476
31.8310 -8.1793 -8.3040
35.7287 -12.1536 -8.9927
39.4851 8.7392 11.8582
31.6855 -13.9836 -7.6339
26.5991 -15.7113 1.5346
24.3429 -13.7117 5.8975
24.8836 -3.3171 -7.5767
30.9089 -11.1909 -8.5604
26.4500 -8.7201 -3.8360
31.2543 -12.9145 -7.1777
20.5385 -6.4051 14.4540
27.2011 -7.0200 -7.4510
27.5244 -8.0857 -8.0249
22.1880 5.2765 27.0764
23.5207 -12.4540 -0.4161
26.2566 -5.7853 -7.3290
24.3993 -2.4700 -7.1166
29.6087 -11.9404 -5.7044
20.9146 -1.4770 1.9307
32.3577 -1.7852 -5.8215
21.2697 4.4688 -4.7724
21.9089 -16.0837 5.2517
32.4563 -12.8798 -8.2819
29.8610 -12.5366 -11.2455
33.6487 -12.1764 -8.4046
32.6396 -7.9304 -6.2991
25.5753 -7.6921 -2.7540
37.7158 5.1460 9.2442
22.0935 -2.8835 -4.7417
27.0017 -16.0427 1.2751
27.9681 -7.5838 -4.7792
19.0468 -7.9153 13.8291
25.0440 -14.5445 4.0728
27.2117 -12.0150 -7.2819
29.6904 -11.8409 -5.5587
25.1302 -14.5949 3.8772
23.9876 -6.7386 -7.7429
29.2571 -10.6194 -4.8545
29.3087 -9.8473 -6.6851
27.5831 -6.4627 -4.3300
25.8249 -10.2424 -1.7142
32.8742 -2.2228 5.6191
22.4667 -15.4998 5.0388
24.7544 -13.6851 -2.3051
31.6471 -17.7955 -3.9755
33.5508 -8.0688 -6.9587
27.8211 -14.0161 -5.1661
33.1053 -8.9003 -7.4352
28.7588 -9.0291 -6.5422
33.1033 -6.8703 -6.0428
33.2095 -8.3548 -7.2511
31.7326 -13.8468 -8.0220
30.1713 -10.6664 -3.7867
32.1297 -13.6703 -7.5768
31.5215 -14.5928 -8.2189
34.3581 -7.5641 -5.8975
31.5439 -14.8602 -8.5017
29.9297 -10.1144 -4.3404
30.4668 -5.9806 -7.9764
29.3742 -13.3104 -5.6530
34.6103 -12.5124 -8.4623
25.1684 -7.7124 -2.4998
25.8532 -5.2738 -7.7290
25.6594 -7.5368 -0.1635
25.5342 -8.6274 -3.1958
20.3885 -11.1293 9.8363
30.9121 -5.9221 -7.6349
32.7534 -8.7104 -6.8225
29.0403 -5.9458 -5.7694
25.8205 -2.8797 14.1633
32.0743 -9.8411 -5.8565
25.1510 0.4552 19.1134
38.7810 17.9708 19.8282
26.1837 -8.2182 -3.3822
27.7373 -6.8761 -7.5903
30.2248 -5.6654 -5.0357
30.0212 -9.2143 -7.8432
26.0282 -10.5953 4.8541
23.5544 -4.3505 -5.9384
33.7686 -7.7227 -7.2388
22.1101 -8.7879 10.3356
31.2606 -17.4209 -2.7282
38.8689 9.8532 13.3292
22.5277 -2.0302 -2.5423
38.3761 24.0592 26.6883
28.5612 -14.1730 -6.1417
23.5084 -4.8927 -6.2009
29.3611 -3.0742 -8.7834
25.2680 -4.4725 -9.4163
24.2445 -7.2744 -6.6243
19.2523 3.4893 1.3355
21.8015 -16.6999 4.8221
29.8412 -6.7382 -5.8692
22.7040 -4.8279 0.7916
27.0177 -8.6799 -5.4903
27.0574 -6.8424 -5.3396
24.4234 -0.9170 -6.6477
23.5069 -4.6211 -6.0145
30.4532 -9.9871 -4.8769
31.5793 -3.7138 -7.4982
8.9519 17.3497 9.8431
30.8912 -7.3839 -6.5612
24.3826 0.5999 19.8297
27.4352 -11.9982 -6.3698
33.1184 -5.7865 -8.5945
22.5926 -15.4870 4.9617
27.1506 -16.1607 0.8414
26.4980 -4.8828 -0.3426
26.5342 -15.6481 1.7670
22.3949 -16.0333 4.7142
26.7058 -2.1786 1.3282
28.8853 -8.4355 -5.7219
30.4679 -7.0358 -7.1411
30.9971 -7.1396 -7.5470
30.8824 -6.4943 -8.3778
24.0060 -1.5908 -8.1624
29.4680 -14.0219 -5.9869
20.6769 -0.8484 4.5861
21.9887 -4.9129 15.2094
28.3608 -6.4125 -3.9023
32.3927 -6.1535 -6.8822
31.1714 -6.1344 -8.1817
29.8205 -14.5825 -7.0950
37.5384 20.7926 23.6656
30.2286 -4.8965 -9.8218
30.9910 -7.7677 -6.8489
33.5166 -7.7276 -6.7652
24.5357 -13.0070 6.0132
22.9542 -15.6613 4.4249
10.6735 20.0901 4.6377
20.1892 -0.1934 5.1026
26.1016 -7.4095 -3.0082
29.0948 35.8150 48.2063
21.1763 -2.1382 1.3738
29.6023 -13.0961 -6.4184
28.6277 -13.9628 -11.4144
32.0675 -9.5726 -5.7121
27.1029 -7.5636 -8.5222
27.9479 -18.4452 -5.4032
31.9372 -5.5469 -8.4467
27.9464 -13.1460 -6.9909
31.2613 -14.0194 -7.2159
31.1541 -15.3284 -11.4836
26.8717 -6.3748 -5.1994
32.2600 8.0082 17.0126
32.2070 8.0091 17.0117
28.8662 -8.4777 -6.5081
29.1652 -9.4899 -6.4233
40.5824 13.1190 15.6667
17.9118 6.3294 3.1133
35.0412 -14.3593 -10.6010
31.2921 -2.1737 -6.9520
32.1664 -6.5734 -7.7573
32.2069 -6.1294 -8.3619
31.5157 -6.8896 -7.2436
33.5278 -13.9436 -9.4026
34.5355 -12.1260 -9.1407
34.5426 -12.4041 -9.3679
31.9986 -13.5374 -7.9615
31.9663 -14.2589 -8.0434
32.2268 -14.0521 -8.3264
32.1612 -13.8819 -8.1813
31.9112 -11.4715 -6.5338
31.4350 -14.1210 -7.2374
32.3790 -13.1564 -8.1571
31.9543 -11.6006 -6.7015
34.4287 -9.2960 -7.2363
31.7279 -14.4034 -8.0621
33.4162 -10.5429 -7.2342
32.8313 -5.4816 -7.5476
32.9298 -6.4688 -8.1185
32.2416 -16.9780 -2.7994
33.2894 -9.2301 -9.2333
32.3882 -6.7848 -6.9875
33.4999 -7.4722 -6.5544
32.8426 -5.1605 -6.8038
32.3022 -7.2688 -7.2439
31.2014 -17.3020 -2.4947
30.5456 -10.2849 -5.2335
32.9021 -13.0293 -8.5712
34.7929 -12.4688 -9.5943
33.1516 -7.7684 -7.0593
28.3241 -8.3917 -4.8540
30.8081 -10.3605 -5.3216
22.1802 -10.0999 8.8043
32.1167 -13.7620 -8.0470
24.9540 -14.1720 4.5794
24.6487 -5.6516 -5.0517
25.6764 -5.0133 -9.7118
26.8934 -7.1441 -5.9193
33.6263 -12.9021 -8.4808
28.4132 -8.6137 -5.0894
28.3844 -7.4467 -4.6720
31.4411 -13.7821 -7.4230
24.4732 -13.4456 -0.7800
29.8419 -3.5821 -9.3288
29.8144 -8.0618 -5.7017
29.9547 -7.8955 -6.3395
31.6394 -7.1170 -7.6534
32.0544 -7.8073 -7.4701
31.3302 -13.8058 -7.2916
25.7210 -2.5688 14.8442
28.5209 -16.8361 -0.2242
23.1683 -4.6178 14.3636
25.3002 -4.0348 -7.0939
31.6159 -14.5590 -8.1214
24.9488 -10.1674 6.3656
23.7207 -12.6919 -0.8075
24.4312 -5.9592 -0.9747
32.0155 -9.5179 -5.5476
35.7287 -12.1536 -8.9927
39.4851 8.7392 11.8582
31.6855 -13.9836 -7.6339
26.5991 -15.7113 1.5346
24.3429 -13.7117 5.8975
24.8836 -3.3171 -7.5767
26.4500 -8.7201 -3.8360
31.2543 -12.9145 -7.1777
20.5385 -6.4051 14.4540
27.2011 -7.0200 -7.4510
27.5244 -8.0857 -8.0249
22.1880 5.2765 27.0764
23.5207 -12.4540 -0.4161
26.2566 -5.7853 -7.3290
29.6087 -11.9404 -5.7044
32.3577 -1.7852 -5.8215
21.9089 -16.0837 5.2517
33.6487 -12.1764 -8.4046
32.6396 -7.9304 -6.2991
25.5753 -7.6921 -2.7540
37.7158 5.1460 9.2442
22.0935 -2.8835 -4.7417
27.0017 -16.0427 1.2751
25.0440 -14.5445 4.0728
27.2117 -12.0150 -7.2819
29.6904 -11.8409 -5.5587
25.1302 -14.5949 3.8772
29.2571 -10.6194 -4.8545
29.3087 -9.8473 -6.6851
27.5831 -6.4627 -4.3300
22.4667 -15.4998 5.0388
24.7544 -13.6851 -2.3051
31.6471 -17.7955 -3.9755
34.6120 -13.2916 -9.5486
33.9020 -13.1584 -8.1691
33.7820 -12.1097 -7.1448
30.6955 -13.5140 -6.6102
32.8121 -11.9382 -7.5390
31.9033 -13.7238 -7.9174
31.5723 -13.7938 -8.0982
34.5342 -7.4791 -6.5037
33.0484 -7.4751 -8.3183
30.5050 -11.4330 -5.9056
33.7728 -5.6247 -8.5696
30.2140 -13.5792 -6.8274
32.3977 -6.0053 -7.8985
33.2171 -8.2382 -6.8851
33.1084 -5.4407 -8.4143
33.5508 -8.0688 -6.9587
31.0403 -8.6988 -5.5155
33.2644 -12.8156 -8.0401
27.7818 -8.7676 -8.4331
35.0916 -11.9254 -8.6309
35.0854 -12.2494 -8.8817
31.7776 -13.7282 -7.4468
32.8600 -12.4538 -8.0878
30.0790 -9.0792 -3.9633
32.4232 -12.5235 -6.6198
33.1053 -8.9003 -7.4352
33.5975 -9.1606 -6.6160
32.3842 -7.8932 -7.7011
33.6584 -7.2370 -7.4127
33.1033 -6.8703 -6.0428
33.3686 -14.7821 -9.3388
25.8532 -5.2738 -7.7290
30.9121 -5.9221 -7.6349
32.7534 -8.7104 -6.8225
29.0403 -5.9458 -5.7694
30.2248 -5.6654 -5.0357
32.0258 -7.0603 -9.7996
32.3625 -2.8926 -13.1856
33.7686 -7.7227 -7.2388
31.2724 -5.5033 -10.1473
28.7883 -11.0860 -10.8041
33.4017 -4.3916 -7.6419
32.6160 -8.4525 -7.2473
32.0277 -7.2868 -10.0344
32.1483 -6.3263 -7.1219
29.3842 -4.5200 -4.1940
33.3967 2.5474 -9.7892
35.4963 -1.3403 -7.5757
34.0036 -14.6862 -11.1386
34.1981 -14.1885 -10.8870
34.2151 -11.5386 -11.9294
35.4059 -15.7733 -12.6708
29.8412 -6.7382 -5.8692
24.4234 -0.9170 -6.6477
25.4562 -4.4088 -7.4618
30.4532 -9.9871 -4.8769
34.8167 -7.7422 -7.4150
34.2991 -6.4558 -12.4951
34.0965 -11.0633 -13.9243
35.8345 -9.3207 -11.8697
28.6502 -2.1282 -12.6386
31.1973 -0.8747 -12.0026
25.8518 -4.2111 -10.1597
36.9877 -1.5036 -7.1066
39.9190 -4.7690 -4.7222
38.8229 31.9276 7.6373
33.5138 -5.8136 -12.5397
35.3889 -14.2801 -10.5866
33.2991 -0.0211 -10.4903
34.4917 -13.8627 -9.1711
33.0829 -3.4733 -11.9909
26.5284 -4.0548 -5.9271
33.0885 -2.5049 -12.1807
36.3551 -16.5753 -13.6171
36.0644 4.9797 -5.0257
29.0270 -8.3332 -7.0257
30.9160 -10.5294 -4.7477
38.2291 -10.3103 -10.8144
39.5402 -15.7758 -13.5028
34.8901 -3.2139 -9.3895
32.9300 -10.6534 -15.5501
38.7232 -9.0262 -8.1092
35.4415 -7.2668 -8.7676
32.3207 -8.4447 -7.1639
35.5829 -5.9642 -7.6294
39.6953 -6.1826 -8.3039
35.6168 -6.9972 -8.1005
35.0231 -0.2449 -4.9954
27.9416 0.0365 -11.0525
27.9717 -2.2081 -0.1692
34.9791 -15.1044 -12.0321
30.3714 -8.6446 -3.5681
33.8297 -14.8426 -16.0981
30.8912 -7.3839 -6.5612
28.4799 -7.3551 -11.5890
27.4221 25.8647 -6.8485
40.6147 -2.7364 -6.2048
37.7707 9.1393 5.2954
33.1184 -5.7865 -8.5945
28.2409 -6.4899 -5.4187
26.7058 -2.1786 1.3282
34.0765 -3.8880 -7.5929
32.9879 -11.8636 -15.5330
34.1368 -13.3170 -14.8127
33.5704 -6.2930 -7.6133
33.4319 -8.9118 -13.8771
34.6618 -4.3495 -4.0162
33.9468 -15.8720 -11.8481
29.8219 -4.2482 -9.1260
32.9044 -7.0962 -13.7020
37.2608 -6.6559 -7.4204
32.3927 -6.1535 -6.8822
30.9910 -7.7677 -6.8489
23.7293 0.2536 -3.7726
150.2344 269.9178 144.1431
46.0735 5.3647 -2.1803
32.0156 -7.1125 -13.6799
28.7367 -2.6021 -12.7960
33.9838 -13.8778 -15.2637
35.9983 -6.5732 -7.0044
33.1605 -4.0327 -6.3705
33.0127 -6.7060 -7.9552
26.8717 -6.3748 -5.1994
29.9377 -12.0190 -8.3646
35.0412 -14.3593 -10.6010
30.7042 -1.9130 -8.4400
36.5429 11.9319 -1.4647
42.0354 20.1125 10.7567
31.2921 -2.1737 -6.9520
30.3419 -8.1265 -6.2999
32.2069 -6.1294 -8.3619
35.9250 -13.6590 -10.3492
25.5719 -1.0367 -8.6411
34.1060 -8.4640 -10.2020
33.7152 -4.8814 -8.1725
27.3945 -3.7165 -1.1911
34.2138 -6.4299 -6.7290
31.1340 -5.2369 -8.3318
32.1949 6.1587 12.4136
34.1236 5.1953 6.6703
31.8086 -14.0367 -7.9642
32.3022 -7.2688 -7.2439
32.9021 -13.0293 -8.5712
33.0589 -7.9553 -6.7548
33.1516 -7.7684 -7.0593
31.2881 -5.2986 -7.8860
33.6919 -6.1514 -7.7839
34.1736 -7.0623 -7.4434
31.3985 -4.9912 -8.9942
28.3844 -7.4467 -4.6720
31.1753 -7.1414 -8.3847
29.8419 -3.5821 -9.3288
29.9547 -7.8955 -6.3395
34.0947 -7.7637 -7.5472
32.7683 -8.7995 -6.9315
33.0574 -8.0212 -6.8163
32.6380 -6.0086 -7.9512
31.6394 -7.1170 -7.6534
32.3577 -1.7852 -5.8215
21.2697 4.4688 -4.7724
32.6396 -7.9304 -6.2991
33.9020 -13.1584 -8.1691
33.0484 -7.4751 -8.3183
33.7728 -5.6247 -8.5696
32.3977 -6.0053 -7.8985
33.2198 -10.3335 -4.8186
36.0133 -11.3557 -8.3041
36.3420 -11.3049 -8.7657
36.1219 -10.5589 -7.8318
35.3543 -13.7350 -10.2013
32.3324 -6.4358 -5.2742
32.7144 -6.7980 -5.7326
30.0290 -9.2244 -3.7516
32.5458 -3.3197 -5.4109
28.8752 -6.9148 -3.1881
27.9258 -4.2806 -0.6388
31.3666 -4.0297 -0.6445
29.6083 -5.1936 -8.4398
29.7866 -3.0503 -11.4452
29.1117 -5.1330 -3.9071
28.2252 -3.0648 -3.5671
32.9035 -1.4312 -2.1148
30.3064 -4.2961 -6.3025
27.5487 -3.8095 -7.8394
29.3257 -4.6442 -4.2349
28.8229 -4.9199 -5.0519
36.0497 -13.3147 -10.0971
35.7487 -13.1347 -10.0783
35.3950 -13.0381 -10.5115
30.3143 -4.9863 -4.7318
28.8300 1.7730 -3.1015
33.1053 -8.9003 -7.4352
30.8727 -7.1343 -6.4119
32.3842 -7.8932 -7.7011
33.6584 -7.2370 -7.4127
33.1033 -6.8703 -6.0428
36.0236 -14.5259 -11.4489
33.1959 -14.1299 -9.6008
35.9493 -12.5010 -9.8784
33.4843 -12.1239 -6.7196
33.6331 -14.4903 -11.3919
31.8198 -15.7255 -14.4942
41.7335 -11.3409 -6.6866
44.1768 2.9856 -4.1019
35.2825 -6.8411 -5.1680
32.9666 -5.0722 -1.2546
36.0615 -14.6693 -11.7302
36.8965 -9.1659 -9.2189
32.6863 -9.1061 -8.7253
43.6314 -8.4863 -3.6566
28.4449 -3.7719 -4.1617
31.4374 -4.7501 -4.1572
30.2771 -6.3596 -6.9187
29.6803 -0.2275 -7.3875
29.1756 -9.3676 -12.4259
27.2986 -5.4447 -10.7239
30.9406 -12.3091 -13.0889
31.0794 -12.7609 -13.3046
32.7943 -10.7931 -7.8549
29.3305 -12.0292 -13.0688
31.2709 -12.2792 -9.1233
35.3221 -13.8996 -11.3240
34.5733 -14.4718 -10.0732
35.5289 -14.4895 -11.1798
31.7484 -10.4344 -12.4114
30.4668 -5.9806 -7.9764
32.7534 -8.7104 -6.8225
32.7203 -10.7519 -6.5540
29.0403 -5.9458 -5.7694
28.7029 -10.0833 -12.9365
36.0448 -3.4471 -8.2399
32.0258 -7.0603 -9.7996
31.0857 32.9168 0.9427
32.3625 -2.8926 -13.1856
31.0607 -5.3923 -8.0785
32.0973 2.4606 -11.0936
29.3611 -3.0742 -8.7834
31.2724 -5.5033 -10.1473
33.4017 -4.3916 -7.6419
28.4434 -7.5706 -11.9723
32.6160 -8.4525 -7.2473
32.0277 -7.2868 -10.0344
29.8412 -6.7382 -5.8692
33.9972 -11.3692 -14.5925
24.4234 -0.9170 -6.6477
29.7104 -2.6063 -10.8700
32.5019 -10.1146 -11.4914
34.4284 -16.4895 -12.0067
34.1238 -18.5021 -14.5168
35.2162 -8.3701 -9.2778
33.5402 -14.3097 -13.3620
23.8129 12.7454 10.6835
33.1505 -8.1457 -8.6374
31.2867 -6.7841 -6.8259
33.9143 -8.3605 -8.6193
35.4066 -4.8227 -6.9800
30.2714 -8.5630 -14.1223
34.0965 -11.0633 -13.9243
33.5636 -11.1456 -11.0803
25.8518 -4.2111 -10.1597
39.9190 -4.7690 -4.7222
38.8229 31.9276 7.6373
33.5138 -5.8136 -12.5397
35.3889 -14.2801 -10.5866
33.2991 -0.0211 -10.4903
34.4917 -13.8627 -9.1711
33.0829 -3.4733 -11.9909
33.3681 -12.0887 -15.2083
26.5284 -4.0548 -5.9271
33.0885 -2.5049 -12.1807
29.0270 -8.3332 -7.0257
27.7772 12.3139 1.7705
42.5349 -0.0461 -6.2834
37.2248 -8.5196 -8.9923
30.9160 -10.5294 -4.7477
38.2291 -10.3103 -10.8144
32.9300 -10.6534 -15.5501
35.4415 -7.2668 -8.7676
32.3207 -8.4447 -7.1639
35.6168 -6.9972 -8.1005
34.8965 -15.9222 -12.7307
35.1244 -12.1960 -11.8576
27.4221 25.8647 -6.8485
31.5264 -11.3013 -14.7129
33.0024 -11.4088 -15.5993
28.2409 -6.4899 -5.4187
34.0765 -3.8880 -7.5929
32.2325 -5.7792 -7.4522
26.6861 -6.2635 -9.8870
32.9879 -11.8636 -15.5330
32.5435 -12.0996 -8.1153
33.3250 -8.4850 -10.1532
33.2989 -7.8368 -13.4461
33.4319 -8.9118 -13.8771
29.2526 -9.6373 -12.4312
35.7552 -7.2160 -10.1752
31.5332 -4.7758 -14.3555
34.0498 -19.3887 -15.3076
28.8112 -9.0236 -7.1423
34.5178 -16.2999 -12.7904
28.7838 -7.4657 -4.3797
31.7994 -6.6988 -13.7483
31.5641 -8.1348 -4.5598
33.9468 -15.8720 -11.8481
37.2608 -6.6559 -7.4204
29.9440 -8.7987 -3.2841
32.3927 -6.1535 -6.8822
33.1632 -8.0297 -7.0385
28.7367 -2.6021 -12.7960
29.0407 -5.8811 -4.7044
47.0317 0.1288 -1.4796
33.2036 -10.1560 -14.6405
46.9288 0.2321 -1.4972
33.9838 -13.8778 -15.2637
34.7184 -17.4561 -13.6255
32.5253 -8.8112 -10.1422
33.5143 -15.0309 -13.1012
29.8797 -9.9638 -8.2210
29.8817 -7.7854 -7.7042
34.2601 -6.8060 -12.1336
35.3333 -14.6750 -10.9816
33.0127 -6.7060 -7.9552
29.7090 -10.8315 -6.7781
38.5937 -10.5840 -10.1217
29.6971 3.1008 -13.3922
35.4977 -10.4617 -9.4424
36.5429 11.9319 -1.4647
31.2921 -2.1737 -6.9520
32.1664 -6.5734 -7.7573
31.6551 -7.4279 -7.6205
28.8589 -7.2056 -5.9624
35.0766 -15.4795 -11.4661
35.5423 -13.4352 -10.7576
36.2602 -13.2367 -10.1966
36.8515 -12.2828 -9.8903
33.1051 -12.1336 -8.2049
32.5782 -11.1607 -9.4498
32.2188 -13.1056 -8.0946
30.5534 -10.0124 -8.3370
31.0626 -11.7657 -8.9807
32.4683 -11.3882 -7.4284
29.2168 -8.8511 -6.9057
29.9653 -9.6533 -8.4422
30.4791 -10.3376 -8.5854
30.8651 -7.9876 -6.8680
30.0367 -6.0294 -8.7735
32.5932 -10.9392 -10.9883
31.1409 -11.5482 -8.4390
29.4768 -9.9380 -7.8917
30.4838 -12.0091 -8.0382
32.4795 -12.2370 -7.9252
34.1060 -8.4640 -10.2020
33.7152 -4.8814 -8.1725
31.5157 -6.8896 -7.2436
27.3945 -3.7165 -1.1911
31.1340 -5.2369 -8.3318
32.9298 -6.4688 -8.1185
32.3882 -6.7848 -6.9875
32.8426 -5.1605 -6.8038
32.3022 -7.2688 -7.2439
31.7279 -4.0790 -9.8491
33.1516 -7.7684 -7.0593
34.1736 -7.0623 -7.4434
28.3844 -7.4467 -4.6720
29.8419 -3.5821 -9.3288
29.9547 -7.8955 -6.3395
32.7683 -8.7995 -6.9315
33.0574 -8.0212 -6.8163
32.3577 -1.7852 -5.8215
33.0484 -7.4751 -8.3183
33.2171 -8.2382 -6.8851
33.1084 -5.4407 -8.4143
35.3543 -13.7350 -10.2013
27.9258 -4.2806 -0.6388
29.6083 -5.1936 -8.4398
27.5487 -3.8095 -7.8394
36.0497 -13.3147 -10.0971
35.8538 -12.7796 -10.4052
34.5653 -14.3480 -10.9799
33.1707 -11.8124 -7.6336
32.3077 -13.0692 -6.9025
32.4873 -13.5493 -8.4531
31.4571 -12.7624 -7.1106
34.0532 -13.5794 -8.6252
31.5466 -12.5087 -6.9677
32.4542 -14.1133 -9.2374
35.7487 -13.1347 -10.0783
36.1554 -12.2922 -9.3208
29.9832 -10.7846 -9.1960
27.0745 -7.9646 -11.7590
36.6881 -9.7753 -9.0055
35.3950 -13.0381 -10.5115
30.8445 -10.1218 -6.1229
31.9974 -11.3616 -11.1669
33.0329 -9.5875 -6.4467
31.4554 -9.7247 -10.3114
29.1892 -9.5161 -6.6425
35.6676 -10.2565 -8.7552
38.7361 -10.2188 -9.8933
32.7797 -11.5078 -10.7263
30.0085 -10.6366 -6.7560
35.4547 -9.3656 -8.8840
34.1519 -11.0302 -8.1443
33.5379 -15.3520 -9.8008
36.2126 -9.6134 -7.2444
26.4175 -4.3974 -7.7392
36.0236 -14.5259 -11.4489
33.1959 -14.1299 -9.6008
35.9058 -15.0279 -11.9231
36.1496 -13.7312 -10.6807
29.4825 -10.0902 -6.1594
28.8855 -7.7416 -4.6882
31.2665 -12.5947 -6.7618
35.0122 -14.0614 -11.3158
35.9493 -12.5010 -9.8784
33.7298 -11.4052 -7.7985
36.2030 -14.3206 -12.5545
32.1349 -12.7766 -6.4255
32.3193 -14.6984 -8.3526
32.1957 -14.1964 -7.6800
33.4843 -12.1239 -6.7196
32.3948 -11.8404 -5.1308
35.7364 -13.1153 -10.0036
33.0231 -12.8916 -6.5893
28.7071 -7.4144 -9.7983
30.5370 -9.3657 -7.3450
29.0691 -8.6851 -7.1235
31.8198 -15.7255 -14.4942
44.1768 2.9856 -4.1019
36.0615 -14.6693 -11.7302
27.2986 -5.4447 -10.7239
32.7943 -10.7931 -7.8549
36.4071 -13.1295 -10.3513
34.5733 -14.4718 -10.0732
35.5289 -14.4895 -11.1798
31.5647 -12.7041 -7.1720
31.2730 -12.2067 -6.4918
31.2528 -12.8214 -7.1650
31.5833 -8.9539 -10.1990
36.5377 -8.7666 -8.1508
28.8664 -9.3344 -8.9904
29.3973 -9.3080 -8.8038
33.0746 -10.7576 -8.8730
30.5248 -10.0966 -7.5328
27.5074 -5.4201 -8.2695
31.5439 -14.8602 -8.5017
30.4668 -5.9806 -7.9764
25.5342 -8.6274 -3.1958
25.5326 -14.4306 3.3454
32.0973 2.4606 -11.0936
28.2355 -13.5249 -9.6396
25.2680 -4.4725 -9.4163
24.7029 -7.4329 -8.2969
33.4017 -4.3916 -7.6419
32.6160 -8.4525 -7.2473
34.2151 -11.5386 -11.9294
18.6447 3.0793 -1.2327
25.3109 -8.4724 -8.9449
29.8412 -6.7382 -5.8692
22.7040 -4.8279 0.7916
22.5061 -4.1265 -8.0821
33.9972 -11.3692 -14.5925
26.6745 -5.8604 -4.7539
27.0574 -6.8424 -5.3396
33.0924 -8.4071 -9.0840
33.1505 -8.1457 -8.6374
25.4562 -4.4088 -7.4618
34.2991 -6.4558 -12.4951
37.1337 -15.1764 -12.4894
25.9079 -9.2414 -7.9258
34.8665 -12.1761 -13.9571
37.8750 -12.8366 -10.5780
35.8345 -9.3207 -11.8697
22.3933 -4.0216 -8.0279
24.4676 -13.4932 -0.8611
33.0829 -3.4733 -11.9909
33.3681 -12.0887 -15.2083
29.4913 -10.8376 -7.9823
36.0644 4.9797 -5.0257
20.9281 2.6652 -4.8236
33.8297 -14.8426 -16.0981
28.3498 -7.6084 -5.2834
29.0762 -3.6933 -2.8465
33.5670 -9.8140 -10.1133
26.8267 -15.9391 1.1223
26.5342 -15.6481 1.7670
26.7058 -2.1786 1.3282
32.2325 -5.7792 -7.4522
34.1368 -13.3170 -14.8127
29.9547 -6.4059 -9.0926
34.9275 -8.4108 -12.4465
14.9518 -4.1877 14.1032
27.6847 -8.0713 -8.6924
29.7569 -14.7660 -6.8442
35.7552 -7.2160 -10.1752
31.1236 -4.5366 -10.6162
31.7994 -6.6988 -13.7483
31.4984 -11.0792 -14.6187
32.9044 -7.0962 -13.7020
32.3927 -6.1535 -6.8822
23.1667 -12.1961 1.3665
31.1714 -6.1344 -8.1817
46.0735 5.3647 -2.1803
34.7443 -0.0971 -9.5676
29.0407 -5.8811 -4.7044
23.9814 -7.0652 -5.0468
28.6461 -14.1167 -6.0876
30.4217 -9.2332 -7.0978
33.2036 -10.1560 -14.6405
33.9838 -13.8778 -15.2637
29.8797 -9.9638 -8.2210
29.8817 -7.7854 -7.7042
29.9200 -15.4100 -13.6740
29.7092 -16.2919 -8.9497
31.4257 -14.1761 -5.8353
31.0934 -5.9309 -6.4060
31.3098 -5.4663 -10.9667
35.9983 -6.5732 -7.0044
34.2601 -6.8060 -12.1336
35.3333 -14.6750 -10.9816
27.7514 -12.4051 -8.5685
22.1781 1.9151 -4.9662
19.8201 0.6315 -6.5124
42.3196 6.4093 0.9658
20.1892 -0.1934 5.1026
28.4191 -13.6508 -11.1441
21.1763 -2.1382 1.3738
28.6277 -13.9628 -11.4144
27.1029 -7.5636 -8.5222
31.9372 -5.5469 -8.4467
26.8717 -6.3748 -5.1994
22.9800 -12.1136 1.6878
25.2291 -14.1258 -2.1515
20.0311 -1.2190 0.8240
7.8179 18.1453 11.0328
17.9118 6.3294 3.1133
29.9603 -14.5906 -6.4469
17.9249 -9.4295 14.3016
37.4268 -10.2609 -8.2361
24.5170 -6.9064 -8.5056
31.6551 -7.4279 -7.6205
28.8589 -7.2056 -5.9624
35.3457 -11.3752 -9.1131
22.1911 -4.7159 2.1462
22.2625 -3.7546 -3.3791
32.2767 -8.7816 -8.9099
30.0367 -6.0294 -8.7735
34.1060 -8.4640 -10.2020
31.5157 -6.8896 -7.2436
30.8865 -10.0383 -2.7398
34.1236 5.1953 6.6703
33.7748 -13.6396 -9.6475
31.9663 -14.2589 -8.0434
32.2268 -14.0521 -8.3264
31.4350 -14.1210 -7.2374
32.8426 -5.1605 -6.8038
31.2908 -14.0378 -7.6055
29.3495 -0.7488 5.3151
41.6142 1.4425 -2.5625
24.2096 -1.5781 12.5303
31.7279 -4.0790 -9.8491
24.9540 -14.1720 4.5794
32.5107 -7.5502 -7.1940
33.5784 -13.0688 -8.4731
31.1753 -7.1414 -8.3847
29.8144 -8.0618 -5.7017
29.9547 -7.8955 -6.3395
31.6394 -7.1170 -7.6534
28.5209 -16.8361 -0.2242
23.7207 -12.6919 -0.8075
24.4312 -5.9592 -0.9747
32.0155 -9.5179 -5.5476
24.3429 -13.7117 5.8975
30.9089 -11.1909 -8.5604
23.5207 -12.4540 -0.4161
25.5753 -7.6921 -2.7540
27.0017 -16.0427 1.2751
27.9681 -7.5838 -4.7792
23.9876 -6.7386 -7.7429
29.3087 -9.8473 -6.6851
32.8121 -11.9382 -7.5390
33.7728 -5.6247 -8.5696
29.6083 -5.1936 -8.4398
31.9974 -11.3616 -11.1669
35.7659 -11.5019 -9.6223
27.7818 -8.7676 -8.4331
28.8300 1.7730 -3.1015
33.4836 -9.2240 -5.8241
35.4809 -8.3763 -6.5500
33.0289 -6.3059 -2.8279
33.0511 -12.8641 -8.5648
21.8884 -0.3639 13.7709
34.0566 -1.4782 0.1516
33.3487 -21.1759 -16.3018
30.2693 -18.5519 -5.5255
37.4289 -17.8696 -13.0547
37.6463 -17.4902 -12.4751
32.6898 -17.3883 -11.7909
32.7637 -17.7072 -12.2667
32.7864 -17.9293 -12.4557
31.3505 -16.1649 -9.2429
32.5174 -17.1735 -11.2176
30.8080 -15.3133 -15.0554
24.2788 -13.2879 -0.5923
30.4753 -17.4199 -10.5333
33.9986 -13.0467 -9.6852
31.7970 -12.7617 -6.9906
30.4180 -15.2369 -8.1621
30.4626 -8.5752 -6.1157
30.6213 -15.7464 -12.2165
41.7987 -10.1186 -8.8249
39.6458 -13.4654 -11.1790
37.9068 -16.5652 -13.6305
27.2986 -5.4447 -10.7239
29.3305 -12.0292 -13.0688
28.8664 -9.3344 -8.9904
31.7326 -13.8468 -8.0220
30.1713 -10.6664 -3.7867
32.1297 -13.6703 -7.5768
34.3581 -7.5641 -5.8975
31.5439 -14.8602 -8.5017
29.9297 -10.1144 -4.3404
30.4668 -5.9806 -7.9764
29.3742 -13.3104 -5.6530
33.7488 -12.7364 -8.0730
30.9121 -5.9221 -7.6349
32.7534 -8.7104 -6.8225
29.0403 -5.9458 -5.7694
25.8205 -2.8797 14.1633
26.1837 -8.2182 -3.3822
27.7373 -6.8761 -7.5903
30.2248 -5.6654 -5.0357
25.5326 -14.4306 3.3454
31.0607 -5.3923 -8.0785
23.5544 -4.3505 -5.9384
31.2606 -17.4209 -2.7282
22.5277 -2.0302 -2.5423
28.5612 -14.1730 -6.1417
23.5084 -4.8927 -6.2009
26.7444 -4.1298 5.7277
28.2355 -13.5249 -9.6396
25.2680 -4.4725 -9.4163
23.6847 -5.3909 -9.1438
31.2724 -5.5033 -10.1473
32.6160 -8.4525 -7.2473
19.8814 -9.3438 12.2463
13.2940 26.6807 62.8941
18.6447 3.0793 -1.2327
26.6745 -5.8604 -4.7539
31.3595 -7.0624 -7.3135
27.0177 -8.6799 -5.4903
29.6356 -6.8055 -6.4409
27.0574 -6.8424 -5.3396
32.6239 -8.6243 -8.3689
25.4562 -4.4088 -7.4618
32.3511 -6.9480 -7.1812
23.5069 -4.6211 -6.0145
30.4532 -9.9871 -4.8769
-33.3857 135.2752 240.6725
43.4636 31.9817 33.8606
24.4676 -13.4932 -0.8611
29.3951 44.8249 58.8827
40.4341 16.8322 19.6344
28.3641 -9.8134 -5.9461
25.4048 -8.1417 -8.7816
29.4913 -10.8376 -7.9823
33.5670 -9.8140 -10.1133
30.8912 -7.3839 -6.5612
22.5926 -15.4870 4.9617
32.2759 -13.8605 -7.9350
33.4549 -12.4922 -8.4070
26.8267 -15.9391 1.1223
28.2409 -6.4899 -5.4187
31.0277 -14.1859 -6.8019
25.3189 -4.4525 -8.8695
26.7058 -2.1786 1.3282
34.0765 -3.8880 -7.5929
32.2325 -5.7792 -7.4522
28.8853 -8.4355 -5.7219
30.3620 -8.3897 -6.6778
30.4679 -7.0358 -7.1411
30.9971 -7.1396 -7.5470
30.8824 -6.4943 -8.3778
20.8625 -15.8216 6.7409
24.0060 -1.5908 -8.1624
29.4680 -14.0219 -5.9869
23.4942 -12.8362 9.3581
28.3608 -6.4125 -3.9023
32.3927 -6.1535 -6.8822
27.1789 -8.9092 -5.9413
23.1667 -12.1961 1.3665
31.1714 -6.1344 -8.1817
29.8205 -14.5825 -7.0950
37.5384 20.7926 23.6656
30.2286 -4.8965 -9.8218
30.9910 -7.7677 -6.8489
33.5166 -7.7276 -6.7652
23.9814 -7.0652 -5.0468
28.6461 -14.1167 -6.0876
22.9542 -15.6613 4.4249
22.4075 -15.8257 4.9142
26.1016 -7.4095 -3.0082
21.1763 -2.1382 1.3738
28.6277 -13.9628 -11.4144
31.9372 -5.5469 -8.4467
27.9464 -13.1460 -6.9909
26.8717 -6.3748 -5.1994
32.2600 8.0082 17.0126
32.2721 7.5210 16.4900
32.2070 8.0091 17.0117
22.9800 -12.1136 1.6878
25.2291 -14.1258 -2.1515
29.9377 -12.0190 -8.3646
20.0311 -1.2190 0.8240
7.8179 18.1453 11.0328
29.1652 -9.4899 -6.4233
17.9118 6.3294 3.1133
30.7042 -1.9130 -8.4400
31.2921 -2.1737 -6.9520
40.3045 13.5120 16.1706
32.2069 -6.1294 -8.3619
30.8651 -7.9876 -6.8680
33.7152 -4.8814 -8.1725
34.2138 -6.4299 -6.7290
31.5299 -6.3728 -7.1620
34.4804 -12.5174 -8.4174
31.9663 -14.2589 -8.0434
32.3790 -13.1564 -8.1571
31.7279 -14.4034 -8.0621
32.8313 -5.4816 -7.5476
32.2416 -16.9780 -2.7994
32.3882 -6.7848 -6.9875
32.8426 -5.1605 -6.8038
32.3022 -7.2688 -7.2439
32.9021 -13.0293 -8.5712
33.0589 -7.9553 -6.7548
33.1516 -7.7684 -7.0593
28.3241 -8.3917 -4.8540
30.8081 -10.3605 -5.3216
24.9540 -14.1720 4.5794
24.6487 -5.6516 -5.0517
25.6764 -5.0133 -9.7118
30.2797 -6.8589 -7.0537
31.3985 -4.9912 -8.9942
18.8617 -9.5222 13.0138
33.5784 -13.0688 -8.4731
33.4773 -13.0716 -8.9630
28.4132 -8.6137 -5.0894
28.3844 -7.4467 -4.6720
29.8419 -3.5821 -9.3288
31.4625 -13.6714 -7.9115
29.8144 -8.0618 -5.7017
34.0947 -7.7637 -7.5472
34.7217 -12.5099 -9.3837
31.6394 -7.1170 -7.6534
31.3302 -13.8058 -7.2916
25.7210 -2.5688 14.8442
28.5209 -16.8361 -0.2242
30.3683 -5.3976 -7.5611
33.7795 -13.1808 -8.4994
23.7207 -12.6919 -0.8075
31.4165 -13.4939 -7.7294
27.4973 -7.7047 -6.1407
24.4312 -5.9592 -0.9747
32.0155 -9.5179 -5.5476
31.6855 -13.9836 -7.6339
26.5991 -15.7113 1.5346
24.3429 -13.7117 5.8975
26.4500 -8.7201 -3.8360
31.2543 -12.9145 -7.1777
23.5207 -12.4540 -0.4161
26.2566 -5.7853 -7.3290
20.9146 -1.4770 1.9307
32.3577 -1.7852 -5.8215
21.9089 -16.0837 5.2517
29.8610 -12.5366 -11.2455
32.6396 -7.9304 -6.2991
27.0017 -16.0427 1.2751
27.9681 -7.5838 -4.7792
25.0440 -14.5445 4.0728
27.2117 -12.0150 -7.2819
23.9876 -6.7386 -7.7429
29.2571 -10.6194 -4.8545
27.5831 -6.4627 -4.3300
22.4667 -15.4998 5.0388
31.6471 -17.7955 -3.9755
33.9020 -13.1584 -8.1691
33.7820 -12.1097 -7.1448
30.6955 -13.5140 -6.6102
33.0484 -7.4751 -8.3183
33.7728 -5.6247 -8.5696
30.2140 -13.5792 -6.8274
32.3977 -6.0053 -7.8985
33.2171 -8.2382 -6.8851
33.1084 -5.4407 -8.4143
33.5508 -8.0688 -6.9587
31.0403 -8.6988 -5.5155
29.1117 -5.1330 -3.9071
33.2644 -12.8156 -8.0401
35.8298 -11.0108 -9.2654
36.2126 -9.6134 -7.2444
33.4425 -12.5043 -8.3947
34.6075 -12.4296 -8.3863
30.9805 -12.9703 -5.8268
35.7659 -11.5019 -9.6223
32.4160 -12.4745 -7.1695
30.3143 -4.9863 -4.7318
33.1424 -13.0970 -8.3804
27.8211 -14.0161 -5.1661
27.7818 -8.7676 -8.4331
33.5876 -6.3813 -6.2322
26.4175 -4.3974 -7.7392
28.8300 1.7730 -3.1015
18.1187 -12.2299 -9.9039
34.2284 -12.8173 -8.9230
33.6544 -12.9615 -9.0788
33.5136 -13.1905 -8.2384
35.0854 -12.2494 -8.8817
33.4842 -13.1163 -8.9927
32.8600 -12.4538 -8.0878
30.0790 -9.0792 -3.9633
32.4232 -12.5235 -6.6198
31.7970 -12.7617 -6.9906
31.4146 -13.2612 -7.5266
31.5578 -13.6554 -8.0027
28.7588 -9.0291 -6.5422
30.9562 -6.9841 -7.4713
30.8727 -7.1343 -6.4119
33.1033 -6.8703 -6.0428
33.3686 -14.7821 -9.3388
32.1297 -13.6703 -7.5768
29.3742 -13.3104 -5.6530
33.7488 -12.7364 -8.0730
34.6103 -12.5124 -8.4623
25.1684 -7.7124 -2.4998
25.8532 -5.2738 -7.7290
30.9121 -5.9221 -7.6349
27.5919 -9.2685 -3.6947
32.7534 -8.7104 -6.8225
25.8205 -2.8797 14.1633
26.1837 -8.2182 -3.3822
31.0857 32.9168 0.9427
34.2860 4.1399 -8.4868
31.2606 -17.4209 -2.7282
38.8689 9.8532 13.3292
23.5084 -4.8927 -6.2009
29.3611 -3.0742 -8.7834
26.7444 -4.1298 5.7277
28.2355 -13.5249 -9.6396
25.2680 -4.4725 -9.4163
24.2445 -7.2744 -6.6243
23.6847 -5.3909 -9.1438
31.2724 -5.5033 -10.1473
33.4017 -4.3916 -7.6419
22.8084 1.8557 -3.5705
25.7897 -9.6529 -0.5932
19.8484 -9.1436 12.4640
19.8814 -9.3438 12.2463
21.8015 -16.6999 4.8221
28.4643 -8.4777 -4.4096
13.2940 26.6807 62.8941
22.5061 -4.1265 -8.0821
27.0177 -8.6799 -5.4903
24.4234 -0.9170 -6.6477
-35.2690 84.6086 59.1357
34.2229 -15.4665 -15.6044
22.3933 -4.0216 -8.0279
21.2534 -14.9654 7.3935
-33.3857 135.2752 240.6725
43.4636 31.9817 33.8606
24.4676 -13.4932 -0.8611
40.4341 16.8322 19.6344
27.7164 -7.5870 -3.8599
19.4588 -10.3466 11.6821
28.3641 -9.8134 -5.9461
33.2991 -0.0211 -10.4903
29.4913 -10.8376 -7.9823
33.0885 -2.5049 -12.1807
33.5670 -9.8140 -10.1133
8.9519 17.3497 9.8431
30.8912 -7.3839 -6.5612
24.3826 0.5999 19.8297
31.0277 -14.1859 -6.8019
22.3949 -16.0333 4.7142
32.8013 -6.2798 -0.9465
32.2325 -5.7792 -7.4522
30.4679 -7.0358 -7.1411
24.0060 -1.5908 -8.1624
29.4680 -14.0219 -5.9869
29.0786 -9.6841 -6.9691
11.7118 12.5585 5.4697
33.5704 -6.2930 -7.6133
22.4566 -4.4135 -6.0142
28.3608 -6.4125 -3.9023
14.9518 -4.1877 14.1032
32.6915 -13.6020 -7.8044
23.1667 -12.1961 1.3665
31.1714 -6.1344 -8.1817
33.5166 -7.7276 -6.7652
38.7603 26.4683 28.2090
29.0407 -5.8811 -4.7044
40.1172 8.6524 11.4869
22.4075 -15.8257 4.9142
29.6666 -8.1667 -7.0894
28.6083 -14.6172 -5.0812
30.9002 -8.3828 -7.1610
22.1781 1.9151 -4.9662
29.3824 -9.1222 -6.2408
33.1605 -4.0327 -6.3705
28.4191 -13.6508 -11.1441
31.9372 -5.5469 -8.4467
22.9800 -12.1136 1.6878
25.2291 -14.1258 -2.1515
7.8179 18.1453 11.0328
29.1652 -9.4899 -6.4233
17.9118 6.3294 3.1133
36.5429 11.9319 -1.4647
31.2921 -2.1737 -6.9520
30.3419 -8.1265 -6.2999
32.1664 -6.5734 -7.7573
21.5668 -1.3093 -4.7394
40.3045 13.5120 16.1706
29.9376 -8.1827 -7.3611
28.8589 -7.2056 -5.9624
35.3457 -11.3752 -9.1131
22.1911 -4.7159 2.1462
33.5796 -13.2346 -8.6501
33.5052 -11.6555 -7.1905
33.0585 -10.5776 -5.6062
34.6324 -11.3842 -7.3371
33.7152 -4.8814 -8.1725
22.1460 3.5286 -2.7249
35.1739 9.3500 5.5902
31.5157 -6.8896 -7.2436
34.3226 0.0217 -2.3749
30.5661 -10.6374 -5.5320
27.3945 -3.7165 -1.1911
34.2138 -6.4299 -6.7290
31.1340 -5.2369 -8.3318
31.5299 -6.3728 -7.1620
29.6254 -7.0331 -5.0153
31.8007 -11.5007 -4.8864
38.6706 -6.3363 -5.6906
40.2098 -2.0705 -3.4175
34.4804 -12.5174 -8.4174
34.5355 -12.1260 -9.1407
31.9986 -13.5374 -7.9615
32.9298 -6.4688 -8.1185
32.3022 -7.2688 -7.2439
31.2014 -17.3020 -2.4947
31.2908 -14.0378 -7.6055
32.1496 -13.5412 -7.9279
28.3241 -8.3917 -4.8540
32.6687 -13.3911 -7.8942
24.9540 -14.1720 4.5794
33.6919 -6.1514 -7.7839
28.4132 -8.6137 -5.0894
28.3844 -7.4467 -4.6720
33.2940 -13.3296 -8.0564
25.0049 -3.2403 -8.1920
29.8144 -8.0618 -5.7017
34.0947 -7.7637 -7.5472
34.7217 -12.5099 -9.3837
32.7683 -8.7995 -6.9315
33.0574 -8.0212 -6.8163
32.6380 -6.0086 -7.9512
33.6712 -6.3181 -7.8637
31.6394 -7.1170 -7.6534
30.2014 -7.3271 -8.2005
31.3302 -13.8058 -7.2916
25.7210 -2.5688 14.8442
28.5209 -16.8361 -0.2242
25.7687 -4.5844 -7.4893
25.3002 -4.0348 -7.0939
30.3683 -5.3976 -7.5611
27.4973 -7.7047 -6.1407
39.4851 8.7392 11.8582
24.3429 -13.7117 5.8975
24.8836 -3.3171 -7.5767
30.9089 -11.1909 -8.5604
26.4500 -8.7201 -3.8360
27.2011 -7.0200 -7.4510
27.5244 -8.0857 -8.0249
23.5207 -12.4540 -0.4161
24.3993 -2.4700 -7.1166
29.6087 -11.9404 -5.7044
20.9146 -1.4770 1.9307
21.9089 -16.0837 5.2517
33.6487 -12.1764 -8.4046
32.6396 -7.9304 -6.2991
25.5753 -7.6921 -2.7540
22.0935 -2.8835 -4.7417
27.0017 -16.0427 1.2751
25.0440 -14.5445 4.0728
27.2117 -12.0150 -7.2819
25.1302 -14.5949 3.8772
29.2571 -10.6194 -4.8545
29.3087 -9.8473 -6.6851
22.4667 -15.4998 5.0388
30.6955 -13.5140 -6.6102
32.8121 -11.9382 -7.5390
33.0484 -7.4751 -8.3183
32.3977 -6.0053 -7.8985
33.1084 -5.4407 -8.4143
35.8298 -11.0108 -9.2654
34.6075 -12.4296 -8.3863
30.9805 -12.9703 -5.8268
35.7659 -11.5019 -9.6223
32.4160 -12.4745 -7.1695
30.3143 -4.9863 -4.7318
33.1424 -13.0970 -8.3804
27.8211 -14.0161 -5.1661
27.7818 -8.7676 -8.4331
26.4175 -4.3974 -7.7392
18.1187 -12.2299 -9.9039
34.8812 -8.0385 -5.3323
35.2488 -9.3467 -6.2888
33.4836 -9.2240 -5.8241
35.4809 -8.3763 -6.5500
33.0289 -6.3059 -2.8279
33.0511 -12.8641 -8.5648
32.4422 -11.4979 -6.6430
21.8884 -0.3639 13.7709
40.1481 0.5312 -1.5464
34.0566 -1.4782 0.1516
24.1820 0.6168 3.8191
30.2693 -18.5519 -5.5255
24.2788 -13.2879 -0.5923
33.6544 -12.9615 -9.0788
30.0790 -9.0792 -3.9633
32.4232 -12.5235 -6.6198
31.4146 -13.2612 -7.5266
30.9562 -6.9841 -7.4713
30.8727 -7.1343 -6.4119
32.3842 -7.8932 -7.7011
33.2095 -8.3548 -7.2511
29.1756 -9.3676 -12.4259
31.7326 -13.8468 -8.0220
32.1297 -13.6703 -7.5768
34.3581 -7.5641 -5.8975
29.9297 -10.1144 -4.3404
30.4668 -5.9806 -7.9764
29.3742 -13.3104 -5.6530
33.7488 -12.7364 -8.0730
34.6103 -12.5124 -8.4623
25.1684 -7.7124 -2.4998
25.8532 -5.2738 -7.7290
25.5342 -8.6274 -3.1958
30.9121 -5.9221 -7.6349
27.5919 -9.2685 -3.6947
32.7534 -8.7104 -6.8225
29.0403 -5.9458 -5.7694
25.8205 -2.8797 14.1633
32.0743 -9.8411 -5.8565
25.1510 0.4552 19.1134
26.1837 -8.2182 -3.3822
31.0607 -5.3923 -8.0785
23.5544 -4.3505 -5.9384
33.7686 -7.7227 -7.2388
31.2606 -17.4209 -2.7282
38.8689 9.8532 13.3292
22.5277 -2.0302 -2.5423
38.3761 24.0592 26.6883
28.5612 -14.1730 -6.1417
23.5084 -4.8927 -6.2009
29.3611 -3.0742 -8.7834
26.7444 -4.1298 5.7277
28.2355 -13.5249 -9.6396
25.2680 -4.4725 -9.4163
24.7029 -7.4329 -8.2969
28.7883 -11.0860 -10.8041
25.7897 -9.6529 -0.5932
19.8814 -9.3438 12.2463
21.8015 -16.6999 4.8221
18.6447 3.0793 -1.2327
22.7040 -4.8279 0.7916
29.2116 -10.8410 -4.3086
24.1915 -5.7684 12.0329
26.6745 -5.8604 -4.7539
31.3595 -7.0624 -7.3135
27.0177 -8.6799 -5.4903
29.6356 -6.8055 -6.4409
27.0574 -6.8424 -5.3396
24.4234 -0.9170 -6.6477
-35.2690 84.6086 59.1357
25.4562 -4.4088 -7.4618
32.3511 -6.9480 -7.1812
30.4532 -9.9871 -4.8769
33.5648 -8.3578 -7.9667
25.9079 -9.2414 -7.9258
29.4913 -10.8376 -7.9823
20.9281 2.6652 -4.8236
33.1184 -5.7865 -8.5945
22.5926 -15.4870 4.9617
32.2759 -13.8605 -7.9350
33.4549 -12.4922 -8.4070
27.1506 -16.1607 0.8414
26.8267 -15.9391 1.1223
28.2409 -6.4899 -5.4187
26.4980 -4.8828 -0.3426
26.5342 -15.6481 1.7670
22.3949 -16.0333 4.7142
26.7058 -2.1786 1.3282
32.2325 -5.7792 -7.4522
28.8853 -8.4355 -5.7219
30.4679 -7.0358 -7.1411
30.9971 -7.1396 -7.5470
30.8824 -6.4943 -8.3778
20.8625 -15.8216 6.7409
24.0060 -1.5908 -8.1624
29.4680 -14.0219 -5.9869
20.6769 -0.8484 4.5861
23.4942 -12.8362 9.3581
29.9547 -6.4059 -9.0926
32.6915 -13.6020 -7.8044
27.6847 -8.0713 -8.6924
32.3927 -6.1535 -6.8822
27.1789 -8.9092 -5.9413
30.9910 -7.7677 -6.8489
33.1632 -8.0297 -7.0385
24.5357 -13.0070 6.0132
38.7603 26.4683 28.2090
23.7293 0.2536 -3.7726
29.0407 -5.8811 -4.7044
23.9814 -7.0652 -5.0468
28.6461 -14.1167 -6.0876
40.1172 8.6524 11.4869
28.7948 -8.9175 -5.8427
22.9542 -15.6613 4.4249
22.4075 -15.8257 4.9142
30.4217 -9.2332 -7.0978
29.6666 -8.1667 -7.0894
28.6083 -14.6172 -5.0812
10.6735 20.0901 4.6377
19.8201 0.6315 -6.5124
29.0948 35.8150 48.2063
21.1763 -2.1382 1.3738
28.6277 -13.9628 -11.4144
32.0675 -9.5726 -5.7121
27.1029 -7.5636 -8.5222
27.9479 -18.4452 -5.4032
31.9372 -5.5469 -8.4467
27.9464 -13.1460 -6.9909
26.8717 -6.3748 -5.1994
32.2721 7.5210 16.4900
32.2070 8.0091 17.0117
29.9377 -12.0190 -8.3646
7.8179 18.1453 11.0328
29.1652 -9.4899 -6.4233
40.5824 13.1190 15.6667
29.9603 -14.5906 -6.4469
30.8063 -8.6762 -2.3990
30.5661 -10.6374 -5.5320
34.5355 -12.1260 -9.1407
31.9986 -13.5374 -7.9615
31.9663 -14.2589 -8.0434
31.9112 -11.4715 -6.5338
32.3790 -13.1564 -8.1571
34.4287 -9.2960 -7.2363
32.9298 -6.4688 -8.1185
32.3882 -6.7848 -6.9875
32.8426 -5.1605 -6.8038
31.2014 -17.3020 -2.4947
30.5456 -10.2849 -5.2335
33.1516 -7.7684 -7.0593
28.3241 -8.3917 -4.8540
30.8081 -10.3605 -5.3216
32.1167 -13.7620 -8.0470
24.9540 -14.1720 4.5794
24.6487 -5.6516 -5.0517
25.6764 -5.0133 -9.7118
30.2797 -6.8589 -7.0537
31.3985 -4.9912 -8.9942
18.8617 -9.5222 13.0138
28.4132 -8.6137 -5.0894
28.3844 -7.4467 -4.6720
31.4411 -13.7821 -7.4230
29.8419 -3.5821 -9.3288
31.4625 -13.6714 -7.9115
29.9547 -7.8955 -6.3395
34.7217 -12.5099 -9.3837
32.7683 -8.7995 -6.9315
33.0574 -8.0212 -6.8163
30.2014 -7.3271 -8.2005
25.7210 -2.5688 14.8442
28.5209 -16.8361 -0.2242
25.3002 -4.0348 -7.0939
30.3683 -5.3976 -7.5611
23.7207 -12.6919 -0.8075
31.4165 -13.4939 -7.7294
24.4312 -5.9592 -0.9747
32.0155 -9.5179 -5.5476
35.7287 -12.1536 -8.9927
39.4851 8.7392 11.8582
26.5991 -15.7113 1.5346
24.3429 -13.7117 5.8975
24.8836 -3.3171 -7.5767
26.4500 -8.7201 -3.8360
31.2543 -12.9145 -7.1777
20.5385 -6.4051 14.4540
27.2011 -7.0200 -7.4510
22.1880 5.2765 27.0764
23.5207 -12.4540 -0.4161
26.2566 -5.7853 -7.3290
24.3993 -2.4700 -7.1166
29.6087 -11.9404 -5.7044
20.9146 -1.4770 1.9307
32.3577 -1.7852 -5.8215
21.9089 -16.0837 5.2517
33.6487 -12.1764 -8.4046
32.6396 -7.9304 -6.2991
25.5753 -7.6921 -2.7540
37.7158 5.1460 9.2442
22.0935 -2.8835 -4.7417
27.0017 -16.0427 1.2751
27.9681 -7.5838 -4.7792
25.0440 -14.5445 4.0728
27.2117 -12.0150 -7.2819
25.1302 -14.5949 3.8772
29.3087 -9.8473 -6.6851
25.8249 -10.2424 -1.7142
22.4667 -15.4998 5.0388
24.7544 -13.6851 -2.3051
31.6471 -17.7955 -3.9755
34.6120 -13.2916 -9.5486
33.9020 -13.1584 -8.1691
33.7820 -12.1097 -7.1448
31.9033 -13.7238 -7.9174
31.5723 -13.7938 -8.0982
34.5342 -7.4791 -6.5037
33.0484 -7.4751 -8.3183
30.5050 -11.4330 -5.9056
30.2140 -13.5792 -6.8274
32.3977 -6.0053 -7.8985
33.2171 -8.2382 -6.8851
33.1084 -5.4407 -8.4143
33.5508 -8.0688 -6.9587
31.0403 -8.6988 -5.5155
34.6075 -12.4296 -8.3863
27.7818 -8.7676 -8.4331
35.0916 -11.9254 -8.6309
34.2284 -12.8173 -8.9230
33.6544 -12.9615 -9.0788
33.5136 -13.1905 -8.2384
35.0854 -12.2494 -8.8817
33.4842 -13.1163 -8.9927
31.7776 -13.7282 -7.4468
32.8600 -12.4538 -8.0878
30.0790 -9.0792 -3.9633
32.4232 -12.5235 -6.6198
31.7970 -12.7617 -6.9906
31.4146 -13.2612 -7.5266
33.1053 -8.9003 -7.4352
31.5578 -13.6554 -8.0027
28.7588 -9.0291 -6.5422
30.9562 -6.9841 -7.4713
30.4180 -15.2369 -8.1621
30.8727 -7.1343 -6.4119
33.5975 -9.1606 -6.6160
32.3842 -7.8932 -7.7011
33.6584 -7.2370 -7.4127
33.1033 -6.8703 -6.0428
33.2095 -8.3548 -7.2511
33.3686 -14.7821 -9.3388
30.4668 -5.9806 -7.9764
30.2248 -5.6654 -5.0357
32.5262 -3.6464 -6.7811
32.3625 -2.8926 -13.1856
31.0607 -5.3923 -8.0785
29.2194 5.9451 -5.9373
32.0973 2.4606 -11.0936
28.4434 -7.5706 -11.9723
29.8412 -6.7382 -5.8692
31.3595 -7.0624 -7.3135
38.5448 -9.2351 -10.1275
32.8412 -10.2263 -9.5902
30.6524 -14.1814 -13.9855
33.5221 -16.1274 -16.2820
33.1505 -8.1457 -8.6374
31.2867 -6.7841 -6.8259
33.9143 -8.3605 -8.6193
33.5648 -8.3578 -7.9667
30.2714 -8.5630 -14.1223
34.2991 -6.4558 -12.4951
34.0965 -11.0633 -13.9243
33.5636 -11.1456 -11.0803
35.8345 -9.3207 -11.8697
28.6502 -2.1282 -12.6386
31.1973 -0.8747 -12.0026
25.8518 -4.2111 -10.1597
38.8229 31.9276 7.6373
33.5138 -5.8136 -12.5397
35.3889 -14.2801 -10.5866
33.2991 -0.0211 -10.4903
34.4917 -13.8627 -9.1711
33.0829 -3.4733 -11.9909
28.8707 -8.7594 -8.9220
33.3681 -12.0887 -15.2083
26.5284 -4.0548 -5.9271
33.0885 -2.5049 -12.1807
36.0644 4.9797 -5.0257
29.0270 -8.3332 -7.0257
27.7772 12.3139 1.7705
42.5349 -0.0461 -6.2834
37.2248 -8.5196 -8.9923
30.9160 -10.5294 -4.7477
44.0027 -4.9989 -6.2192
38.2291 -10.3103 -10.8144
39.5402 -15.7758 -13.5028
32.9300 -10.6534 -15.5501
38.7232 -9.0262 -8.1092
35.4415 -7.2668 -8.7676
32.3207 -8.4447 -7.1639
35.6168 -6.9972 -8.1005
34.6879 -9.5491 -11.7294
30.3714 -8.6446 -3.5681
33.5670 -9.8140 -10.1133
28.4799 -7.3551 -11.5890
27.4221 25.8647 -6.8485
31.5264 -11.3013 -14.7129
41.4088 -0.6575 -5.1116
40.6147 -2.7364 -6.2048
29.6666 -6.5393 -12.9070
33.1184 -5.7865 -8.5945
33.0024 -11.4088 -15.5993
28.2409 -6.4899 -5.4187
34.0765 -3.8880 -7.5929
32.2325 -5.7792 -7.4522
26.6861 -6.2635 -9.8870
33.0219 -11.9296 -15.5670
32.9879 -11.8636 -15.5330
34.9275 -8.4108 -12.4465
33.3250 -8.4850 -10.1532
33.2989 -7.8368 -13.4461
32.0035 -6.4133 -13.6706
33.4319 -8.9118 -13.8771
32.4223 -8.9704 -14.3536
31.5627 -9.3445 -11.8629
35.7552 -7.2160 -10.1752
33.0326 -10.0329 -14.0721
30.0952 -10.2533 -11.4365
34.6618 -4.3495 -4.0162
34.0498 -19.3887 -15.3076
31.1278 -3.0269 -9.3576
36.1152 -0.7709 -8.4722
33.1272 -11.5872 -10.6882
28.8112 -9.0236 -7.1423
34.5178 -16.2999 -12.7904
28.7838 -7.4657 -4.3797
31.1236 -4.5366 -10.6162
31.7994 -6.6988 -13.7483
31.4984 -11.0792 -14.6187
31.2024 -4.8034 -10.7168
31.5641 -8.1348 -4.5598
33.9468 -15.8720 -11.8481
33.0576 -0.2788 -3.9236
29.8219 -4.2482 -9.1260
32.9044 -7.0962 -13.7020
37.2608 -6.6559 -7.4204
29.9440 -8.7987 -3.2841
32.3927 -6.1535 -6.8822
33.1632 -8.0297 -7.0385
34.7443 -0.0971 -9.5676
28.7367 -2.6021 -12.7960
34.4609 -18.8394 -15.1601
29.0407 -5.8811 -4.7044
47.0317 0.1288 -1.4796
33.2036 -10.1560 -14.6405
46.9288 0.2321 -1.4972
33.7029 -19.6015 -15.2150
33.9838 -13.8778 -15.2637
34.7184 -17.4561 -13.6255
32.5253 -8.8112 -10.1422
33.5143 -15.0309 -13.1012
29.8797 -9.9638 -8.2210
29.8817 -7.7854 -7.7042
34.1982 -10.2100 -11.7475
33.6466 4.9489 -6.8038
31.0934 -5.9309 -6.4060
31.3098 -5.4663 -10.9667
35.9983 -6.5732 -7.0044
34.2601 -6.8060 -12.1336
35.3333 -14.6750 -10.9816
30.9002 -8.3828 -7.1610
35.4977 -10.4617 -9.4424
35.0412 -14.3593 -10.6010
36.5429 11.9319 -1.4647
28.8589 -7.2056 -5.9624
32.2069 -6.1294 -8.3619
32.2188 -13.1056 -8.0946
30.5534 -10.0124 -8.3370
29.2168 -8.8511 -6.9057
30.5049 -9.5967 -7.3788
29.8731 -10.7693 -7.9494
30.4791 -10.3376 -8.5854
25.5719 -1.0367 -8.6411
30.8651 -7.9876 -6.8680
32.2767 -8.7816 -8.9099
30.3923 -7.3401 -9.5449
29.1260 -8.9634 -11.1523
30.0367 -6.0294 -8.7735
32.5932 -10.9392 -10.9883
31.1409 -11.5482 -8.4390
29.2073 -8.3677 -10.4398
32.4795 -12.2370 -7.9252
30.5982 -9.8457 -8.1191
33.8097 -14.6162 -9.5126
34.1060 -8.4640 -10.2020
31.8007 -11.5007 -4.8864
32.9298 -6.4688 -8.1185
32.3882 -6.7848 -6.9875
31.3054 -3.1029 -3.0513
34.1736 -7.0623 -7.4434
29.8419 -3.5821 -9.3288
29.9547 -7.8955 -6.3395
33.0574 -8.0212 -6.8163
32.0544 -7.8073 -7.4701
32.6396 -7.9304 -6.2991
33.9020 -13.1584 -8.1691
33.0484 -7.4751 -8.3183
32.3977 -6.0053 -7.8985
33.1084 -5.4407 -8.4143
35.3543 -13.7350 -10.2013
32.3324 -6.4358 -5.2742
30.0290 -9.2244 -3.7516
32.5458 -3.3197 -5.4109
29.6083 -5.1936 -8.4398
29.7866 -3.0503 -11.4452
29.1117 -5.1330 -3.9071
30.3064 -4.2961 -6.3025
27.5487 -3.8095 -7.8394
35.8538 -12.7796 -10.4052
33.1707 -11.8124 -7.6336
32.4873 -13.5493 -8.4531
31.4571 -12.7624 -7.1106
31.5466 -12.5087 -6.9677
32.4542 -14.1133 -9.2374
35.3950 -13.0381 -10.5115
33.0329 -9.5875 -6.4467
32.7797 -11.5078 -10.7263
30.0085 -10.6366 -6.7560
34.1519 -11.0302 -8.1443
33.5379 -15.3520 -9.8008
36.2126 -9.6134 -7.2444
26.4175 -4.3974 -7.7392
33.2095 -8.3548 -7.2511
36.0236 -14.5259 -11.4489
33.1959 -14.1299 -9.6008
35.9058 -15.0279 -11.9231
36.1496 -13.7312 -10.6807
29.4825 -10.0902 -6.1594
28.8855 -7.7416 -4.6882
31.2665 -12.5947 -6.7618
35.0122 -14.0614 -11.3158
35.9493 -12.5010 -9.8784
36.8102 -10.6349 -9.8914
33.7298 -11.4052 -7.7985
36.2030 -14.3206 -12.5545
32.1349 -12.7766 -6.4255
32.3193 -14.6984 -8.3526
32.1957 -14.1964 -7.6800
34.2650 -14.5879 -9.5986
33.4843 -12.1239 -6.7196
34.7315 -12.9047 -8.4135
31.6005 -10.8742 -5.0342
30.2527 -10.2723 -6.1276
33.0231 -12.8916 -6.5893
30.1805 -8.7046 -6.7501
44.1768 2.9856 -4.1019
32.9666 -5.0722 -1.2546
33.6237 -11.7690 -8.0792
32.6863 -9.1061 -8.7253
30.2771 -6.3596 -6.9187
29.6803 -0.2275 -7.3875
27.2986 -5.4447 -10.7239
34.0520 -15.2360 -11.0938
34.3064 -14.3789 -10.9650
35.3221 -13.8996 -11.3240
34.5733 -14.4718 -10.0732
35.5289 -14.4895 -11.1798
33.0425 -14.3197 -8.6770
32.1293 -14.4942 -7.9592
31.5647 -12.7041 -7.1720
31.2730 -12.2067 -6.4918
31.4930 -12.3321 -6.8867
31.2528 -12.8214 -7.1650
31.9854 -13.0149 -7.9525
31.5833 -8.9539 -10.1990
36.5377 -8.7666 -8.1508
29.5935 -8.7704 -2.9608
30.5248 -10.0966 -7.5328
31.1089 -2.6628 -9.0345
29.4931 -8.6469 -4.8683
31.7484 -10.4344 -12.4114
27.5074 -5.4201 -8.2695
30.4668 -5.9806 -7.9764
30.9121 -5.9221 -7.6349
32.7534 -8.7104 -6.8225
31.1454 -7.0456 -10.7299
33.6020 -11.4149 -11.2363
33.9048 -7.5028 -4.5149
32.6602 -8.6768 -9.7922
30.5764 -9.3899 -4.4157
32.7203 -10.7519 -6.5540
34.6823 -7.8658 -7.2782
28.7029 -10.0833 -12.9365
36.0448 -3.4471 -8.2399
32.0258 -7.0603 -9.7996
31.0857 32.9168 0.9427
32.5262 -3.6464 -6.7811
34.2860 4.1399 -8.4868
33.7686 -7.7227 -7.2388
29.3611 -3.0742 -8.7834
31.2724 -5.5033 -10.1473
28.4434 -7.5706 -11.9723
32.6160 -8.4525 -7.2473
32.0277 -7.2868 -10.0344
32.1483 -6.3263 -7.1219
29.3842 -4.5200 -4.1940
33.3967 2.5474 -9.7892
35.4963 -1.3403 -7.5757
34.0036 -14.6862 -11.1386
34.1981 -14.1885 -10.8870
34.2151 -11.5386 -11.9294
35.6737 -10.9174 -8.7564
35.4059 -15.7733 -12.6708
29.8412 -6.7382 -5.8692
33.9972 -11.3692 -14.5925
33.8345 -20.3764 -16.0707
34.2879 -20.5237 -17.5454
33.0924 -8.4071 -9.0840
32.3079 -3.7800 -8.5947
29.7104 -2.6063 -10.8700
35.0576 -13.6666 -11.0183
27.5062 3.1190 -10.4166
28.7018 -10.8337 -13.3979
32.5019 -10.1146 -11.4914
32.8221 -11.1366 -11.5480
34.4284 -16.4895 -12.0067
27.4437 -7.3908 -10.5515
34.0009 -20.2575 -16.1242
38.5448 -9.2351 -10.1275
33.5757 -18.0923 -13.6323
36.8714 -9.1453 -8.1396
39.0770 -7.5422 -9.0385
34.1238 -18.5021 -14.5168
35.2162 -8.3701 -9.2778
33.5402 -14.3097 -13.3620
32.6239 -8.6243 -8.3689
33.1505 -8.1457 -8.6374
31.5793 -3.7138 -7.4982
35.4066 -4.8227 -6.9800
33.5648 -8.3578 -7.9667
30.2714 -8.5630 -14.1223
34.2991 -6.4558 -12.4951
34.0965 -11.0633 -13.9243
33.5636 -11.1456 -11.0803
34.8665 -12.1761 -13.9571
33.5138 -5.8136 -12.5397
35.3889 -14.2801 -10.5866
33.2991 -0.0211 -10.4903
34.4917 -13.8627 -9.1711
33.0829 -3.4733 -11.9909
33.0885 -2.5049 -12.1807
29.0270 -8.3332 -7.0257
42.5349 -0.0461 -6.2834
30.9160 -10.5294 -4.7477
32.3207 -8.4447 -7.1639
39.6953 -6.1826 -8.3039
33.7896 -20.1161 -15.7780
30.9499 -10.5008 -15.1582
33.8297 -14.8426 -16.0981
33.4360 -10.4771 -8.0176
29.0762 -3.6933 -2.8465
33.5670 -9.8140 -10.1133
33.1672 -9.7874 -14.0956
28.4799 -7.3551 -11.5890
27.4221 25.8647 -6.8485
31.5264 -11.3013 -14.7129
41.4088 -0.6575 -5.1116
33.1184 -5.7865 -8.5945
33.5719 -15.5040 -16.4756
33.0024 -11.4088 -15.5993
34.8228 -12.3436 -10.8799
33.8923 -19.4758 -15.2379
34.1286 -6.9962 -10.0795
27.3242 1.0224 -5.1579
28.2409 -6.4899 -5.4187
34.0765 -3.8880 -7.5929
32.2325 -5.7792 -7.4522
29.0786 -9.6841 -6.9691
35.7552 -7.2160 -10.1752
36.1152 -0.7709 -8.4722
33.1272 -11.5872 -10.6882
34.5178 -16.2999 -12.7904
31.1236 -4.5366 -10.6162
31.7994 -6.6988 -13.7483
31.2024 -4.8034 -10.7168
31.5641 -8.1348 -4.5598
33.9468 -15.8720 -11.8481
29.8219 -4.2482 -9.1260
37.2608 -6.6559 -7.4204
33.1632 -8.0297 -7.0385
150.2344 269.9178 144.1431
34.7443 -0.0971 -9.5676
34.4609 -18.8394 -15.1601
30.4217 -9.2332 -7.0978
46.9288 0.2321 -1.4972
33.7029 -19.6015 -15.2150
33.9838 -13.8778 -15.2637
29.8797 -9.9638 -8.2210
34.1982 -10.2100 -11.7475
35.9983 -6.5732 -7.0044
35.3333 -14.6750 -10.9816
38.5937 -10.5840 -10.1217
35.4977 -10.4617 -9.4424
32.1664 -6.5734 -7.7573
31.6551 -7.4279 -7.6205
33.6083 -15.4922 -9.9034
34.4805 -15.6087 -10.9859
32.8565 -11.7553 -7.5587
34.3241 -11.4140 -8.1828
33.6455 -15.6289 -10.1090
32.3746 -14.8876 -8.2621
34.1438 -14.4103 -9.1951
36.2602 -13.2367 -10.1966
37.0809 -11.7271 -9.8737
35.7563 -12.7985 -10.5339
32.3112 -13.1108 -8.2629
36.7540 -12.6700 -10.2673
30.5534 -10.0124 -8.3370
31.0626 -11.7657 -8.9807
29.2168 -8.8511 -6.9057
30.4791 -10.3376 -8.5854
32.2767 -8.7816 -8.9099
30.3923 -7.3401 -9.5449
29.2073 -8.3677 -10.4398
29.4768 -9.9380 -7.8917
30.5982 -9.8457 -8.1191
33.8097 -14.6162 -9.5126
34.1060 -8.4640 -10.2020
31.1340 -5.2369 -8.3318
32.3882 -6.7848 -6.9875
32.3022 -7.2688 -7.2439
31.7279 -4.0790 -9.8491
33.0589 -7.9553 -6.7548
28.3844 -7.4467 -4.6720
31.1753 -7.1414 -8.3847
29.8419 -3.5821 -9.3288
32.7683 -8.7995 -6.9315
33.0574 -8.0212 -6.8163
31.6394 -7.1170 -7.6534
32.0544 -7.8073 -7.4701
30.2014 -7.3271 -8.2005
32.3577 -1.7852 -5.8215
33.2171 -8.2382 -6.8851
33.1084 -5.4407 -8.4143
35.3543 -13.7350 -10.2013
31.3666 -4.0297 -0.6445
29.1117 -5.1330 -3.9071
28.2252 -3.0648 -3.5671
29.3257 -4.6442 -4.2349
28.8229 -4.9199 -5.0519
36.0497 -13.3147 -10.0971
35.8538 -12.7796 -10.4052
33.1707 -11.8124 -7.6336
32.3077 -13.0692 -6.9025
32.4873 -13.5493 -8.4531
31.4571 -12.7624 -7.1106
34.0532 -13.5794 -8.6252
31.5466 -12.5087 -6.9677
32.4542 -14.1133 -9.2374
35.7487 -13.1347 -10.0783
36.1554 -12.2922 -9.3208
36.6881 -9.7753 -9.0055
35.3950 -13.0381 -10.5115
30.8445 -10.1218 -6.1229
31.4554 -9.7247 -10.3114
29.1892 -9.5161 -6.6425
35.6676 -10.2565 -8.7552
38.7361 -10.2188 -9.8933
30.0085 -10.6366 -6.7560
35.4547 -9.3656 -8.8840
34.1519 -11.0302 -8.1443
33.5379 -15.3520 -9.8008
32.3842 -7.8932 -7.7011
33.1959 -14.1299 -9.6008
36.1496 -13.7312 -10.6807
29.4825 -10.0902 -6.1594
35.0122 -14.0614 -11.3158
35.9493 -12.5010 -9.8784
36.8102 -10.6349 -9.8914
33.7298 -11.4052 -7.7985
36.2030 -14.3206 -12.5545
33.7058 -20.1776 -17.3089
32.1349 -12.7766 -6.4255
32.5222 -13.9804 -8.0959
33.8035 -13.8070 -8.4952
34.0245 -13.7036 -8.6708
33.6533 -13.5558 -8.7311
34.0394 -13.6931 -8.4790
34.1697 -21.2379 -17.7407
32.3193 -14.6984 -8.3526
34.2650 -14.5879 -9.5986
34.6190 -13.5280 -9.0020
33.5464 -13.4881 -7.8082
35.1140 -13.1166 -9.2860
34.7315 -12.9047 -8.4135
31.6005 -10.8742 -5.0342
33.2223 -12.3522 -8.1164
33.1832 -14.3459 -11.8389
32.3948 -11.8404 -5.1308
35.7364 -13.1153 -10.0036
33.6331 -14.4903 -11.3919
35.9859 -12.0221 -8.9568
35.8846 -12.0708 -8.8053
32.7114 -10.6678 -10.2180
36.9986 -11.5527 -9.6290
37.0111 -11.4112 -9.7426
36.7127 -11.5582 -9.1735
30.2527 -10.2723 -6.1276
31.2456 -10.8027 -8.4520
32.1633 -11.8522 -6.3344
29.4562 -9.3367 -10.9047
33.0231 -12.8916 -6.5893
28.7071 -7.4144 -9.7983
28.8190 -7.3319 -6.7943
30.5046 -10.9789 -6.8657
30.4382 -11.1389 -6.4880
32.5462 -10.0668 -9.8027
31.0272 -10.8089 -6.8358
29.7883 -9.9420 -8.7991
36.9947 -11.2018 -8.9232
30.4626 -8.5752 -6.1157
34.3221 -11.0804 -7.8609
29.6671 -9.7681 -8.8280
30.1805 -8.7046 -6.7501
30.5370 -9.3657 -7.3450
31.4462 -10.6219 -6.3899
29.0691 -8.6851 -7.1235
33.3972 -11.7280 -11.2533
30.9413 -10.4909 -6.5107
29.2966 -8.5188 -10.4859
28.4449 -3.7719 -4.1617
30.9406 -12.3091 -13.0889
33.3686 -14.7821 -9.3388
31.0794 -12.7609 -13.3046
31.2709 -12.2792 -9.1233
36.2199 -15.9487 -13.4021
36.4071 -13.1295 -10.3513
34.0520 -15.2360 -11.0938
34.3064 -14.3789 -10.9650
34.5733 -14.4718 -10.0732
35.5289 -14.4895 -11.1798
31.5647 -12.7041 -7.1720
31.2730 -12.2067 -6.4918
36.5377 -8.7666 -8.1508
30.5248 -10.0966 -7.5328
29.4931 -8.6469 -4.8683
31.7484 -10.4344 -12.4114
27.5074 -5.4201 -8.2695
30.4668 -5.9806 -7.9764
25.5342 -8.6274 -3.1958
33.6020 -11.4149 -11.2363
28.7029 -10.0833 -12.9365
36.0448 -3.4471 -8.2399
32.3625 -2.8926 -13.1856
25.2680 -4.4725 -9.4163
24.2445 -7.2744 -6.6243
31.2724 -5.5033 -10.1473
19.2523 3.4893 1.3355
29.4936 -15.2933 -9.7507
25.7897 -9.6529 -0.5932
29.8412 -6.7382 -5.8692
22.7040 -4.8279 0.7916
33.9972 -11.3692 -14.5925
28.7018 -10.8337 -13.3979
25.4562 -4.4088 -7.4618
33.5648 -8.3578 -7.9667
34.2991 -6.4558 -12.4951
34.2229 -15.4665 -15.6044
34.0965 -11.0633 -13.9243
37.1337 -15.1764 -12.4894
37.7629 -14.5998 -13.6838
33.5636 -11.1456 -11.0803
36.9311 -15.6881 -12.9048
25.9079 -9.2414 -7.9258
34.8665 -12.1761 -13.9571
37.8750 -12.8366 -10.5780
22.3933 -4.0216 -8.0279
27.7164 -7.5870 -3.8599
31.1973 -0.8747 -12.0026
33.5138 -5.8136 -12.5397
25.4048 -8.1417 -8.7816
33.0829 -3.4733 -11.9909
28.8707 -8.7594 -8.9220
33.3681 -12.0887 -15.2083
29.4913 -10.8376 -7.9823
32.9300 -10.6534 -15.5501
32.3207 -8.4447 -7.1639
39.6953 -6.1826 -8.3039
20.9281 2.6652 -4.8236
34.6879 -9.5491 -11.7294
28.3498 -7.6084 -5.2834
33.6793 -18.0460 -17.2746
33.4360 -10.4771 -8.0176
31.7368 2.2274 -11.3784
33.5670 -9.8140 -10.1133
8.9519 17.3497 9.8431
33.1672 -9.7874 -14.0956
35.1244 -12.1960 -11.8576
27.4221 25.8647 -6.8485
33.8923 -19.4758 -15.2379
34.1286 -6.9962 -10.0795
28.2409 -6.4899 -5.4187
26.7058 -2.1786 1.3282
29.4680 -14.0219 -5.9869
34.1368 -13.3170 -14.8127
32.5435 -12.0996 -8.1153
29.9547 -6.4059 -9.0926
34.9275 -8.4108 -12.4465
29.0786 -9.6841 -6.9691
30.0784 -8.0181 -10.4478
33.4319 -8.9118 -13.8771
32.4223 -8.9704 -14.3536
31.5627 -9.3445 -11.8629
28.4009 -10.3859 -11.2431
33.0326 -10.0329 -14.0721
30.0952 -10.2533 -11.4365
29.1894 -8.8980 -8.6386
29.8205 -14.5825 -7.0950
33.1920 -7.0441 -8.4893
32.0156 -7.1125 -13.6799
29.0407 -5.8811 -4.7044
23.9814 -7.0652 -5.0468
33.2036 -10.1560 -14.6405
33.9838 -13.8778 -15.2637
32.5253 -8.8112 -10.1422
33.5143 -15.0309 -13.1012
29.8797 -9.9638 -8.2210
29.8817 -7.7854 -7.7042
34.1982 -10.2100 -11.7475
33.6466 4.9489 -6.8038
29.9200 -15.4100 -13.6740
29.7092 -16.2919 -8.9497
34.2601 -6.8060 -12.1336
35.3333 -14.6750 -10.9816
27.7514 -12.4051 -8.5685
22.1781 1.9151 -4.9662
29.3824 -9.1222 -6.2408
33.1605 -4.0327 -6.3705
10.6735 20.0901 4.6377
42.3196 6.4093 0.9658
36.9339 -15.8201 -13.0221
21.1763 -2.1382 1.3738
20.0311 -1.2190 0.8240
29.9603 -14.5906 -6.4469
42.0354 20.1125 10.7567
37.4268 -10.2609 -8.2361
24.5170 -6.9064 -8.5056
31.2921 -2.1737 -6.9520
22.1911 -4.7159 2.1462
22.2625 -3.7546 -3.3791
32.5932 -10.9392 -10.9883
34.1060 -8.4640 -10.2020
33.7152 -4.8814 -8.1725
31.1340 -5.2369 -8.3318
32.7184 -7.9042 -1.9482
30.8865 -10.0383 -2.7398
29.9285 0.5553 6.0163
34.1236 5.1953 6.6703
32.3882 -6.7848 -6.9875
33.2168 -13.1154 -9.0306
32.7345 -9.0110 -4.9805
29.3495 -0.7488 5.3151
41.6142 1.4425 -2.5625
32.6030 -11.7275 -9.8958
31.3054 -3.1029 -3.0513
31.7279 -4.0790 -9.8491
33.1516 -7.7684 -7.0593
31.2881 -5.2986 -7.8860
34.1736 -7.0623 -7.4434
33.5784 -13.0688 -8.4731
29.8144 -8.0618 -5.7017
32.7683 -8.7995 -6.9315
28.5209 -16.8361 -0.2242
30.3683 -5.3976 -7.5611
30.9089 -11.1909 -8.5604
26.2566 -5.7853 -7.3290
32.3577 -1.7852 -5.8215
27.2117 -12.0150 -7.2819
32.8121 -11.9382 -7.5390
32.7797 -11.5078 -10.7263
27.7818 -8.7676 -8.4331
33.0289 -6.3059 -2.8279
33.3487 -21.1759 -16.3018
37.4289 -17.8696 -13.0547
37.6463 -17.4902 -12.4751
32.6898 -17.3883 -11.7909
32.7637 -17.7072 -12.2667
31.3505 -16.1649 -9.2429
32.5174 -17.1735 -11.2176
30.4753 -17.4199 -10.5333
33.9986 -13.0467 -9.6852
32.8600 -12.4538 -8.0878
30.4180 -15.2369 -8.1621
33.1832 -14.3459 -11.8389
31.0272 -10.8089 -6.8358
31.4462 -10.6219 -6.3899
30.9413 -10.4909 -6.5107
31.8198 -15.7255 -14.4942
31.9175 -17.5774 -14.3154
33.2171 -16.7073 -14.1010
31.2278 -16.9637 -14.2675
37.8372 -17.4086 -12.9670
41.7335 -11.3409 -6.6866
37.8743 -17.3190 -12.8909
30.6213 -15.7464 -12.2165
31.7412 -17.6325 -12.3160
41.7987 -10.1186 -8.8249
39.6458 -13.4654 -11.1790
32.8430 -17.3268 -12.8041
44.1768 2.9856 -4.1019
37.9068 -16.5652 -13.6305
35.2825 -6.8411 -5.1680
33.6237 -11.7690 -8.0792
32.6863 -9.1061 -8.7253
31.3453 -17.1887 -10.6812
33.3686 -14.7821 -9.3388
32.7943 -10.7931 -7.8549
33.0746 -10.7576 -8.8730
31.1089 -2.6628 -9.0345
31.5215 -14.5928 -8.2189
30.4668 -5.9806 -7.9764
34.6823 -7.8658 -7.2782
32.0258 -7.0603 -9.7996
31.0857 32.9168 0.9427
32.3625 -2.8926 -13.1856
31.0607 -5.3923 -8.0785
34.2860 4.1399 -8.4868
32.0973 2.4606 -11.0936
22.5277 -2.0302 -2.5423
24.2445 -7.2744 -6.6243
19.2523 3.4893 1.3355
28.4434 -7.5706 -11.9723
32.6160 -8.4525 -7.2473
29.3842 -4.5200 -4.1940
34.2151 -11.5386 -11.9294
29.8412 -6.7382 -5.8692
33.9972 -11.3692 -14.5925
26.6745 -5.8604 -4.7539
31.3595 -7.0624 -7.3135
27.0574 -6.8424 -5.3396
24.4234 -0.9170 -6.6477
33.8345 -20.3764 -16.0707
34.2879 -20.5237 -17.5454
33.0924 -8.4071 -9.0840
32.3079 -3.7800 -8.5947
29.7104 -2.6063 -10.8700
35.0576 -13.6666 -11.0183
28.7018 -10.8337 -13.3979
35.2162 -8.3701 -9.2778
33.5221 -16.1274 -16.2820
33.1505 -8.1457 -8.6374
25.4562 -4.4088 -7.4618
30.9812 -6.8406 -7.4160
34.8167 -7.7422 -7.4150
33.9143 -8.3605 -8.6193
31.3962 -7.3982 -7.2943
33.9912 -15.5636 -15.8446
35.4066 -4.8227 -6.9800
33.5648 -8.3578 -7.9667
30.2714 -8.5630 -14.1223
34.2991 -6.4558 -12.4951
34.0965 -11.0633 -13.9243
33.5636 -11.1456 -11.0803
25.9079 -9.2414 -7.9258
34.8665 -12.1761 -13.9571
37.8750 -12.8366 -10.5780
35.8345 -9.3207 -11.8697
31.1973 -0.8747 -12.0026
36.9877 -1.5036 -7.1066
33.2991 -0.0211 -10.4903
25.4048 -8.1417 -8.7816
33.0829 -3.4733 -11.9909
29.7000 -12.9529 -4.3983
33.0885 -2.5049 -12.1807
36.3551 -16.5753 -13.6171
36.0644 4.9797 -5.0257
22.9998 -5.2548 -7.4557
29.0270 -8.3332 -7.0257
30.9160 -10.5294 -4.7477
35.4415 -7.2668 -8.7676
32.3207 -8.4447 -7.1639
35.5829 -5.9642 -7.6294
39.6953 -6.1826 -8.3039
35.0231 -0.2449 -4.9954
33.7896 -20.1161 -15.7780
33.9383 -17.2592 -16.5732
30.3714 -8.6446 -3.5681
32.6521 -10.1174 -9.7845
34.0168 -20.5119 -17.8517
30.9499 -10.5008 -15.1582
33.8297 -14.8426 -16.0981
33.8813 -19.6321 -17.6216
33.5670 -9.8140 -10.1133
33.1672 -9.7874 -14.0956
28.4799 -7.3551 -11.5890
35.1244 -12.1960 -11.8576
27.4221 25.8647 -6.8485
31.5264 -11.3013 -14.7129
29.6666 -6.5393 -12.9070
37.7707 9.1393 5.2954
33.1184 -5.7865 -8.5945
28.2409 -6.4899 -5.4187
26.4980 -4.8828 -0.3426
32.9879 -11.8636 -15.5330
34.1368 -13.3170 -14.8127
29.7569 -14.7660 -6.8442
31.5332 -4.7758 -14.3555
33.0326 -10.0329 -14.0721
34.6618 -4.3495 -4.0162
34.0498 -19.3887 -15.3076
31.1278 -3.0269 -9.3576
36.1152 -0.7709 -8.4722
33.0576 -0.2788 -3.9236
29.8219 -4.2482 -9.1260
37.2608 -6.6559 -7.4204
29.9440 -8.7987 -3.2841
33.1632 -8.0297 -7.0385
150.2344 269.9178 144.1431
46.0735 5.3647 -2.1803
33.1920 -7.0441 -8.4893
32.0156 -7.1125 -13.6799
34.7443 -0.0971 -9.5676
23.9814 -7.0652 -5.0468
33.9838 -13.8778 -15.2637
6.3202 39.5270 10.0704
35.9983 -6.5732 -7.0044
35.3333 -14.6750 -10.9816
27.7514 -12.4051 -8.5685
28.6083 -14.6172 -5.0812
42.3196 6.4093 0.9658
20.1892 -0.1934 5.1026
21.1763 -2.1382 1.3738
28.6277 -13.9628 -11.4144
20.0311 -1.2190 0.8240
17.9118 6.3294 3.1133
30.7042 -1.9130 -8.4400
36.5429 11.9319 -1.4647
24.5170 -6.9064 -8.5056
33.2688 -5.5177 -12.5478
32.2069 -6.1294 -8.3619
30.0234 -11.6417 -10.7687
32.5932 -10.9392 -10.9883
35.1739 9.3500 5.5902
31.5157 -6.8896 -7.2436
34.3226 0.0217 -2.3749
30.1716 -10.0755 -2.1091
32.1949 6.1587 12.4136
34.1236 5.1953 6.6703
31.4350 -14.1210 -7.2374
32.6030 -11.7275 -9.8958
24.2096 -1.5781 12.5303
31.3054 -3.1029 -3.0513
33.0589 -7.9553 -6.7548
33.1516 -7.7684 -7.0593
33.6919 -6.1514 -7.7839
31.3985 -4.9912 -8.9942
28.3844 -7.4467 -4.6720
33.0574 -8.0212 -6.8163
33.6712 -6.3181 -7.8637
30.3683 -5.3976 -7.5611
32.0155 -9.5179 -5.5476
20.9146 -1.4770 1.9307
32.3577 -1.7852 -5.8215
25.5753 -7.6921 -2.7540
32.8121 -11.9382 -7.5390
33.0484 -7.4751 -8.3183
33.7728 -5.6247 -8.5696
33.1084 -5.4407 -8.4143
30.0290 -9.2244 -3.7516
29.7866 -3.0503 -11.4452
32.9035 -1.4312 -2.1148
30.3064 -4.2961 -6.3025
29.3257 -4.6442 -4.2349
28.8229 -4.9199 -5.0519
33.0329 -9.5875 -6.4467
33.4836 -9.2240 -5.8241
32.7637 -17.7072 -12.2667
30.8727 -7.1343 -6.4119
32.3842 -7.8932 -7.7011
33.6584 -7.2370 -7.4127
33.1033 -6.8703 -6.0428
33.2095 -8.3548 -7.2511
28.8855 -7.7416 -4.6882
36.2030 -14.3206 -12.5545
30.1805 -8.7046 -6.7501
31.9175 -17.5774 -14.3154
41.7335 -11.3409 -6.6866
30.6213 -15.7464 -12.2165
41.7987 -10.1186 -8.8249
39.6458 -13.4654 -11.1790
44.1768 2.9856 -4.1019
35.2825 -6.8411 -5.1680
32.9666 -5.0722 -1.2546
36.0615 -14.6693 -11.7302
33.6237 -11.7690 -8.0792
36.8965 -9.1659 -9.2189
32.6863 -9.1061 -8.7253
43.6314 -8.4863 -3.6566
28.4449 -3.7719 -4.1617
31.4374 -4.7501 -4.1572
30.2771 -6.3596 -6.9187
29.6803 -0.2275 -7.3875
31.3453 -17.1887 -10.6812
31.1580 -12.5500 -13.3165
29.5877 -12.4944 -13.3177
27.2986 -5.4447 -10.7239
30.9406 -12.3091 -13.0889
33.3686 -14.7821 -9.3388
31.0794 -12.7609 -13.3046
32.7943 -10.7931 -7.8549
29.3305 -12.0292 -13.0688
31.2709 -12.2792 -9.1233
35.5289 -14.4895 -11.1798
29.5935 -8.7704 -2.9608
28.8664 -9.3344 -8.9904
31.1089 -2.6628 -9.0345
29.4931 -8.6469 -4.8683
27.5074 -5.4201 -8.2695
34.3581 -7.5641 -5.8975
25.8532 -5.2738 -7.7290
29.0403 -5.9458 -5.7694
28.7029 -10.0833 -12.9365
32.3625 -2.8926 -13.1856
28.2355 -13.5249 -9.6396
24.2445 -7.2744 -6.6243
19.2523 3.4893 1.3355
29.4936 -15.2933 -9.7507
32.0277 -7.2868 -10.0344
25.7897 -9.6529 -0.5932
29.8412 -6.7382 -5.8692
22.7040 -4.8279 0.7916
33.9972 -11.3692 -14.5925
26.6745 -5.8604 -4.7539
27.0574 -6.8424 -5.3396
24.4234 -0.9170 -6.6477
32.3079 -3.7800 -8.5947
32.5019 -10.1146 -11.4914
32.8221 -11.1366 -11.5480
34.4284 -16.4895 -12.0067
35.2162 -8.3701 -9.2778
33.5402 -14.3097 -13.3620
34.5474 -13.5080 -11.6203
32.8412 -10.2263 -9.5902
30.6524 -14.1814 -13.9855
33.5221 -16.1274 -16.2820
25.4562 -4.4088 -7.4618
33.9143 -8.3605 -8.6193
33.9912 -15.5636 -15.8446
34.2991 -6.4558 -12.4951
34.2229 -15.4665 -15.6044
34.0965 -11.0633 -13.9243
37.1337 -15.1764 -12.4894
37.7629 -14.5998 -13.6838
33.5636 -11.1456 -11.0803
36.9311 -15.6881 -12.9048
34.8665 -12.1761 -13.9571
37.8750 -12.8366 -10.5780
35.8345 -9.3207 -11.8697
31.1973 -0.8747 -12.0026
36.9877 -1.5036 -7.1066
33.5138 -5.8136 -12.5397
33.0829 -3.4733 -11.9909
28.8707 -8.7594 -8.9220
33.3681 -12.0887 -15.2083
29.4913 -10.8376 -7.9823
29.7000 -12.9529 -4.3983
33.0885 -2.5049 -12.1807
36.3551 -16.5753 -13.6171
36.0644 4.9797 -5.0257
22.9998 -5.2548 -7.4557
35.4415 -7.2668 -8.7676
35.6168 -6.9972 -8.1005
20.9281 2.6652 -4.8236
30.9499 -10.5008 -15.1582
33.8297 -14.8426 -16.0981
31.7368 2.2274 -11.3784
28.4799 -7.3551 -11.5890
31.5264 -11.3013 -14.7129
41.4088 -0.6575 -5.1116
33.0024 -11.4088 -15.5993
34.8228 -12.3436 -10.8799
33.0219 -11.9296 -15.5670
32.9879 -11.8636 -15.5330
34.1368 -13.3170 -14.8127
29.9547 -6.4059 -9.0926
33.3250 -8.4850 -10.1532
33.2989 -7.8368 -13.4461
22.4566 -4.4135 -6.0142
29.7569 -14.7660 -6.8442
32.0035 -6.4133 -13.6706
33.4319 -8.9118 -13.8771
28.4009 -10.3859 -11.2431
31.5332 -4.7758 -14.3555
30.0952 -10.2533 -11.4365
33.1272 -11.5872 -10.6882
28.8112 -9.0236 -7.1423
34.5178 -16.2999 -12.7904
31.7994 -6.6988 -13.7483
31.4984 -11.0792 -14.6187
27.1789 -8.9092 -5.9413
29.8205 -14.5825 -7.0950
23.7293 0.2536 -3.7726
32.0156 -7.1125 -13.6799
23.9814 -7.0652 -5.0468
28.6461 -14.1167 -6.0876
33.9838 -13.8778 -15.2637
34.7184 -17.4561 -13.6255
29.9200 -15.4100 -13.6740
29.7092 -16.2919 -8.9497
35.9983 -6.5732 -7.0044
34.2601 -6.8060 -12.1336
27.7514 -12.4051 -8.5685
10.6735 20.0901 4.6377
19.8201 0.6315 -6.5124
42.3196 6.4093 0.9658
36.9339 -15.8201 -13.0221
20.1892 -0.1934 5.1026
21.1763 -2.1382 1.3738
28.6277 -13.9628 -11.4144
27.1029 -7.5636 -8.5222
27.9464 -13.1460 -6.9909
31.2613 -14.0194 -7.2159
20.0311 -1.2190 0.8240
17.9118 6.3294 3.1133
42.0354 20.1125 10.7567
31.2921 -2.1737 -6.9520
33.2688 -5.5177 -12.5478
29.8731 -10.7693 -7.9494
32.5932 -10.9392 -10.9883
31.1409 -11.5482 -8.4390
30.4838 -12.0091 -8.0382
35.1739 9.3500 5.5902
31.1340 -5.2369 -8.3318
32.7184 -7.9042 -1.9482
30.8865 -10.0383 -2.7398
29.6468 -3.9253 2.2134
32.1949 6.1587 12.4136
34.1236 5.1953 6.6703
31.4154 -14.4736 -8.0884
32.6030 -11.7275 -9.8958
24.2096 -1.5781 12.5303
34.1736 -7.0623 -7.4434
33.0574 -8.0212 -6.8163
24.4312 -5.9592 -0.9747
32.0155 -9.5179 -5.5476
32.6396 -7.9304 -6.2991
25.5753 -7.6921 -2.7540
29.3087 -9.8473 -6.6851
32.8121 -11.9382 -7.5390
34.5342 -7.4791 -6.5037
33.0484 -7.4751 -8.3183
27.9258 -4.2806 -0.6388
29.7866 -3.0503 -11.4452
32.7797 -11.5078 -10.7263
34.8812 -8.0385 -5.3323
33.4836 -9.2240 -5.8241
33.3487 -21.1759 -16.3018
32.6898 -17.3883 -11.7909
32.7864 -17.9293 -12.4557
32.5174 -17.1735 -11.2176
30.8080 -15.3133 -15.0554
30.4753 -17.4199 -10.5333
33.5136 -13.1905 -8.2384
28.7588 -9.0291 -6.5422
33.2095 -8.3548 -7.2511
33.1959 -14.1299 -9.6008
31.4462 -10.6219 -6.3899
33.3972 -11.7280 -11.2533
31.8198 -15.7255 -14.4942
31.9175 -17.5774 -14.3154
33.2171 -16.7073 -14.1010
31.2278 -16.9637 -14.2675
37.8372 -17.4086 -12.9670
41.7335 -11.3409 -6.6866
37.8743 -17.3190 -12.8909
31.7412 -17.6325 -12.3160
41.7987 -10.1186 -8.8249
39.6458 -13.4654 -11.1790
32.8430 -17.3268 -12.8041
44.1768 2.9856 -4.1019
37.9068 -16.5652 -13.6305
33.6237 -11.7690 -8.0792
43.6314 -8.4863 -3.6566
31.3453 -17.1887 -10.6812
31.1580 -12.5500 -13.3165
29.1756 -9.3676 -12.4259
29.5877 -12.4944 -13.3177
27.2986 -5.4447 -10.7239
30.9406 -12.3091 -13.0889
33.3686 -14.7821 -9.3388
31.0794 -12.7609 -13.3046
32.7943 -10.7931 -7.8549
29.3305 -12.0292 -13.0688
31.2709 -12.2792 -9.1233
31.7484 -10.4344 -12.4114
32.1297 -13.6703 -7.5768
30.4668 -5.9806 -7.9764
25.5342 -8.6274 -3.1958
30.9121 -5.9221 -7.6349
25.5326 -14.4306 3.3454
10.5725 14.9385 7.1296
34.2860 4.1399 -8.4868
32.0973 2.4606 -11.0936
31.2606 -17.4209 -2.7282
22.5277 -2.0302 -2.5423
28.5612 -14.1730 -6.1417
31.2724 -5.5033 -10.1473
19.2523 3.4893 1.3355
29.4936 -15.2933 -9.7507
25.7897 -9.6529 -0.5932
21.8015 -16.6999 4.8221
28.4643 -8.4777 -4.4096
18.6447 3.0793 -1.2327
25.3109 -8.4724 -8.9449
29.8412 -6.7382 -5.8692
22.7040 -4.8279 0.7916
22.5061 -4.1265 -8.0821
26.6745 -5.8604 -4.7539
27.0177 -8.6799 -5.4903
27.0574 -6.8424 -5.3396
32.3079 -3.7800 -8.5947
30.6524 -14.1814 -13.9855
-35.2690 84.6086 59.1357
25.4562 -4.4088 -7.4618
30.2714 -8.5630 -14.1223
34.2991 -6.4558 -12.4951
34.0965 -11.0633 -13.9243
33.5636 -11.1456 -11.0803
36.9311 -15.6881 -12.9048
34.8665 -12.1761 -13.9571
22.3933 -4.0216 -8.0279
21.2534 -14.9654 7.3935
24.4676 -13.4932 -0.8611
27.7164 -7.5870 -3.8599
19.4588 -10.3466 11.6821
25.4048 -8.1417 -8.7816
33.0829 -3.4733 -11.9909
33.3681 -12.0887 -15.2083
29.4913 -10.8376 -7.9823
36.3551 -16.5753 -13.6171
36.0644 4.9797 -5.0257
28.3498 -7.6084 -5.2834
33.8655 -15.8556 -16.2855
31.7935 -1.8637 -5.5711
32.6327 -6.6966 -9.6673
33.6793 -18.0460 -17.2746
30.8912 -7.3839 -6.5612
22.5926 -15.4870 4.9617
26.8267 -15.9391 1.1223
31.0277 -14.1859 -6.8019
25.3189 -4.4525 -8.8695
26.5342 -15.6481 1.7670
22.3949 -16.0333 4.7142
26.7058 -2.1786 1.3282
32.8013 -6.2798 -0.9465
34.0765 -3.8880 -7.5929
30.8824 -6.4943 -8.3778
29.4680 -14.0219 -5.9869
32.6885 -7.7440 -8.7935
30.2317 -10.9460 -9.9975
23.4942 -12.8362 9.3581
34.1368 -13.3170 -14.8127
34.9275 -8.4108 -12.4465
29.0786 -9.6841 -6.9691
32.6915 -13.6020 -7.8044
27.6847 -8.0713 -8.6924
29.7569 -14.7660 -6.8442
34.6618 -4.3495 -4.0162
31.1278 -3.0269 -9.3576
28.7838 -7.4657 -4.3797
31.7994 -6.6988 -13.7483
32.3927 -6.1535 -6.8822
27.1789 -8.9092 -5.9413
23.1667 -12.1961 1.3665
30.9910 -7.7677 -6.8489
33.5166 -7.7276 -6.7652
34.7443 -0.0971 -9.5676
29.0407 -5.8811 -4.7044
22.9542 -15.6613 4.4249
22.4075 -15.8257 4.9142
30.4217 -9.2332 -7.0978
33.9838 -13.8778 -15.2637
6.3202 39.5270 10.0704
29.9200 -15.4100 -13.6740
29.7092 -16.2919 -8.9497
31.4257 -14.1761 -5.8353
22.1781 1.9151 -4.9662
29.3824 -9.1222 -6.2408
36.9339 -15.8201 -13.0221
21.1763 -2.1382 1.3738
29.6023 -13.0961 -6.4184
28.6277 -13.9628 -11.4144
31.9372 -5.5469 -8.4467
31.2613 -14.0194 -7.2159
22.9800 -12.1136 1.6878
25.2291 -14.1258 -2.1515
29.9377 -12.0190 -8.3646
20.0311 -1.2190 0.8240
7.8179 18.1453 11.0328
17.9118 6.3294 3.1133
29.9603 -14.5906 -6.4469
17.9249 -9.4295 14.3016
18.5387 -10.4595 12.8112
24.5170 -6.9064 -8.5056
31.2921 -2.1737 -6.9520
30.3419 -8.1265 -6.2999
29.9376 -8.1827 -7.3611
33.2688 -5.5177 -12.5478
22.1911 -4.7159 2.1462
34.1060 -8.4640 -10.2020
34.3226 0.0217 -2.3749
34.9373 -1.6239 0.4892
32.7184 -7.9042 -1.9482
30.8865 -10.0383 -2.7398
38.6706 -6.3363 -5.6906
29.9285 0.5553 6.0163
44.4103 4.3085 -0.2697
29.6468 -3.9253 2.2134
32.1949 6.1587 12.4136
34.1236 5.1953 6.6703
31.4350 -14.1210 -7.2374
32.3882 -6.7848 -6.9875
32.8426 -5.1605 -6.8038
41.6142 1.4425 -2.5625
32.6030 -11.7275 -9.8958
24.2096 -1.5781 12.5303
31.3054 -3.1029 -3.0513
24.9540 -14.1720 4.5794
32.5107 -7.5502 -7.1940
30.2797 -6.8589 -7.0537
33.6919 -6.1514 -7.7839
28.3844 -7.4467 -4.6720
31.4411 -13.7821 -7.4230
31.1753 -7.1414 -8.3847
29.8419 -3.5821 -9.3288
31.4625 -13.6714 -7.9115
29.8144 -8.0618 -5.7017
29.9547 -7.8955 -6.3395
31.6394 -7.1170 -7.6534
31.3302 -13.8058 -7.2916
28.5209 -16.8361 -0.2242
33.7795 -13.1808 -8.4994
23.7207 -12.6919 -0.8075
32.0155 -9.5179 -5.5476
26.5991 -15.7113 1.5346
24.3429 -13.7117 5.8975
26.2566 -5.7853 -7.3290
21.9089 -16.0837 5.2517
32.4563 -12.8798 -8.2819
25.5753 -7.6921 -2.7540
27.0017 -16.0427 1.2751
25.0440 -14.5445 4.0728
27.2117 -12.0150 -7.2819
25.1302 -14.5949 3.8772
23.9876 -6.7386 -7.7429
22.4667 -15.4998 5.0388
32.8121 -11.9382 -7.5390
33.0484 -7.4751 -8.3183
32.3977 -6.0053 -7.8985
33.5508 -8.0688 -6.9587
31.0403 -8.6988 -5.5155
35.8298 -11.0108 -9.2654
35.7659 -11.5019 -9.6223
27.7818 -8.7676 -8.4331
34.8812 -8.0385 -5.3323
33.4836 -9.2240 -5.8241
35.4809 -8.3763 -6.5500
33.0289 -6.3059 -2.8279
33.0511 -12.8641 -8.5648
21.8884 -0.3639 13.7709
40.1481 0.5312 -1.5464
34.0566 -1.4782 0.1516
24.1820 0.6168 3.8191
31.3505 -16.1649 -9.2429
24.2788 -13.2879 -0.5923
31.7970 -12.7617 -6.9906
31.5578 -13.6554 -8.0027
35.2825 -6.8411 -5.1680
36.8965 -9.1659 -9.2189
31.4374 -4.7501 -4.1572
27.2986 -5.4447 -10.7239
36.2199 -15.9487 -13.4021
-26.9042 290.4772 354.6196
-170.2022 716.4316 911.6581
31.1089 -2.6628 -9.0345
32.7534 -8.7104 -6.8225
33.6020 -11.4149 -11.2363
33.9048 -7.5028 -4.5149
32.6602 -8.6768 -9.7922
30.5764 -9.3899 -4.4157
32.7203 -10.7519 -6.5540
34.6823 -7.8658 -7.2782
29.0403 -5.9458 -5.7694
36.0448 -3.4471 -8.2399
32.5262 -3.6464 -6.7811
32.3625 -2.8926 -13.1856
31.0607 -5.3923 -8.0785
34.2860 4.1399 -8.4868
29.2194 5.9451 -5.9373
33.7686 -7.7227 -7.2388
29.8412 -6.7382 -5.8692
33.9972 -11.3692 -14.5925
35.0576 -13.6666 -11.0183
36.8714 -9.1453 -8.1396
34.1238 -18.5021 -14.5168
35.2162 -8.3701 -9.2778
33.5402 -14.3097 -13.3620
32.6239 -8.6243 -8.3689
33.1505 -8.1457 -8.6374
25.4562 -4.4088 -7.4618
31.5793 -3.7138 -7.4982
31.2867 -6.7841 -6.8259
30.9812 -6.8406 -7.4160
34.8167 -7.7422 -7.4150
33.9143 -8.3605 -8.6193
31.3962 -7.3982 -7.2943
33.9912 -15.5636 -15.8446
35.4066 -4.8227 -6.9800
33.5648 -8.3578 -7.9667
30.2714 -8.5630 -14.1223
34.2991 -6.4558 -12.4951
34.2229 -15.4665 -15.6044
34.0965 -11.0633 -13.9243
31.1973 -0.8747 -12.0026
39.9190 -4.7690 -4.7222
33.5138 -5.8136 -12.5397
35.3889 -14.2801 -10.5866
33.2991 -0.0211 -10.4903
34.4917 -13.8627 -9.1711
33.0829 -3.4733 -11.9909
33.3681 -12.0887 -15.2083
33.0885 -2.5049 -12.1807
36.0644 4.9797 -5.0257
42.5349 -0.0461 -6.2834
37.2248 -8.5196 -8.9923
30.9160 -10.5294 -4.7477
44.0027 -4.9989 -6.2192
38.2291 -10.3103 -10.8144
39.5402 -15.7758 -13.5028
34.8901 -3.2139 -9.3895
32.9300 -10.6534 -15.5501
38.7232 -9.0262 -8.1092
35.4415 -7.2668 -8.7676
32.3207 -8.4447 -7.1639
35.5829 -5.9642 -7.6294
39.6953 -6.1826 -8.3039
35.6168 -6.9972 -8.1005
35.0231 -0.2449 -4.9954
28.3498 -7.6084 -5.2834
29.0762 -3.6933 -2.8465
33.5670 -9.8140 -10.1133
27.4221 25.8647 -6.8485
31.5264 -11.3013 -14.7129
40.6147 -2.7364 -6.2048
28.2409 -6.4899 -5.4187
25.3189 -4.4525 -8.8695
30.8824 -6.4943 -8.3778
34.1076 -18.4193 -14.4202
31.3954 -6.3902 -8.5305
33.0219 -11.9296 -15.5670
32.9879 -11.8636 -15.5330
33.3250 -8.4850 -10.1532
30.0784 -8.0181 -10.4478
32.0035 -6.4133 -13.6706
33.4319 -8.9118 -13.8771
32.4223 -8.9704 -14.3536
29.2526 -9.6373 -12.4312
31.5627 -9.3445 -11.8629
28.4009 -10.3859 -11.2431
35.7552 -7.2160 -10.1752
31.5332 -4.7758 -14.3555
33.0326 -10.0329 -14.0721
30.0952 -10.2533 -11.4365
29.1894 -8.8980 -8.6386
34.0498 -19.3887 -15.3076
34.5178 -16.2999 -12.7904
31.4984 -11.0792 -14.6187
33.9468 -15.8720 -11.8481
34.7443 -0.0971 -9.5676
34.3788 -19.8621 -16.0994
35.8857 -10.1043 -8.7046
34.4609 -18.8394 -15.1601
29.0407 -5.8811 -4.7044
30.4217 -9.2332 -7.0978
47.0317 0.1288 -1.4796
46.9288 0.2321 -1.4972
33.7029 -19.6015 -15.2150
33.9838 -13.8778 -15.2637
34.7184 -17.4561 -13.6255
32.5253 -8.8112 -10.1422
35.9983 -6.5732 -7.0044
34.2601 -6.8060 -12.1336
35.3333 -14.6750 -10.9816
33.1605 -4.0327 -6.3705
33.0127 -6.7060 -7.9552
26.8717 -6.3748 -5.1994
35.0412 -14.3593 -10.6010
30.7042 -1.9130 -8.4400
36.5429 11.9319 -1.4647
31.2921 -2.1737 -6.9520
33.2688 -5.5177 -12.5478
32.3269 -12.2684 -7.6394
30.2689 -10.2877 -6.3766
29.2168 -8.8511 -6.9057
29.9653 -9.6533 -8.4422
29.2991 -8.0318 -8.6187
30.8651 -7.9876 -6.8680
32.2767 -8.7816 -8.9099
30.3923 -7.3401 -9.5449
29.1260 -8.9634 -11.1523
29.4768 -9.9380 -7.8917
30.5982 -9.8457 -8.1191
34.1060 -8.4640 -10.2020
33.7152 -4.8814 -8.1725
27.3945 -3.7165 -1.1911
31.1340 -5.2369 -8.3318
31.5299 -6.3728 -7.1620
32.3882 -6.7848 -6.9875
32.8426 -5.1605 -6.8038
32.3022 -7.2688 -7.2439
31.3054 -3.1029 -3.0513
31.2881 -5.2986 -7.8860
32.5107 -7.5502 -7.1940
34.1736 -7.0623 -7.4434
31.3985 -4.9912 -8.9942
28.3844 -7.4467 -4.6720
29.8144 -8.0618 -5.7017
33.0574 -8.0212 -6.8163
31.6394 -7.1170 -7.6534
30.3683 -5.3976 -7.5611
33.7795 -13.1808 -8.4994
32.0155 -9.5179 -5.5476
30.9089 -11.1909 -8.5604
32.3577 -1.7852 -5.8215
21.2697 4.4688 -4.7724
34.5342 -7.4791 -6.5037
33.7728 -5.6247 -8.5696
32.3977 -6.0053 -7.8985
33.5508 -8.0688 -6.9587
33.2198 -10.3335 -4.8186
36.0133 -11.3557 -8.3041
36.3420 -11.3049 -8.7657
36.1219 -10.5589 -7.8318
35.3543 -13.7350 -10.2013
32.3324 -6.4358 -5.2742
32.7144 -6.7980 -5.7326
30.0290 -9.2244 -3.7516
32.5458 -3.3197 -5.4109
28.8752 -6.9148 -3.1881
31.3666 -4.0297 -0.6445
29.6083 -5.1936 -8.4398
29.1117 -5.1330 -3.9071
28.2252 -3.0648 -3.5671
32.9035 -1.4312 -2.1148
27.5487 -3.8095 -7.8394
29.3257 -4.6442 -4.2349
34.5653 -14.3480 -10.9799
31.4571 -12.7624 -7.1106
35.7487 -13.1347 -10.0783
27.0745 -7.9646 -11.7590
35.3950 -13.0381 -10.5115
29.1892 -9.5161 -6.6425
31.5578 -13.6554 -8.0027
33.6584 -7.2370 -7.4127
33.1959 -14.1299 -9.6008
28.8855 -7.7416 -4.6882
33.7298 -11.4052 -7.7985
29.0691 -8.6851 -7.1235
44.1768 2.9856 -4.1019
32.9666 -5.0722 -1.2546
36.0615 -14.6693 -11.7302
33.6237 -11.7690 -8.0792
32.6863 -9.1061 -8.7253
31.4374 -4.7501 -4.1572
30.2771 -6.3596 -6.9187
29.6803 -0.2275 -7.3875
27.2986 -5.4447 -10.7239
32.7943 -10.7931 -7.8549
36.4071 -13.1295 -10.3513
34.0520 -15.2360 -11.0938
34.3064 -14.3789 -10.9650
35.3221 -13.8996 -11.3240
34.5733 -14.4718 -10.0732
35.5289 -14.4895 -11.1798
33.0425 -14.3197 -8.6770
32.1293 -14.4942 -7.9592
31.9980 -14.0689 -7.3773
31.5647 -12.7041 -7.1720
31.2730 -12.2067 -6.4918
31.4930 -12.3321 -6.8867
31.2528 -12.8214 -7.1650
31.9854 -13.0149 -7.9525
31.5833 -8.9539 -10.1990
36.5377 -8.7666 -8.1508
29.5935 -8.7704 -2.9608
28.8664 -9.3344 -8.9904
29.3973 -9.3080 -8.8038
33.0746 -10.7576 -8.8730
30.5248 -10.0966 -7.5328
31.1089 -2.6628 -9.0345
29.4931 -8.6469 -4.8683
31.7484 -10.4344 -12.4114
27.5074 -5.4201 -8.2695
